id,quality
15000,5.0
15001,6.0
15002,5.0
15003,7.0
15004,6.0
15005,5.0
15006,6.0
15007,5.0
15008,5.0
15009,5.0
15010,5.0
15011,6.0
15012,5.0
15013,5.0
15014,5.0
15015,5.0
15016,5.0
15017,6.0
15018,5.0
15019,5.0
15020,6.0
15021,5.0
15022,7.0
15023,7.0
15024,6.0
15025,6.0
15026,6.0
15027,6.0
15028,5.0
15029,5.0
15030,6.0
15031,5.0
15032,5.0
15033,6.0
15034,5.0
15035,6.0
15036,6.0
15037,5.0
15038,6.0
15039,5.0
15040,5.0
15041,5.0
15042,6.0
15043,6.0
15044,5.0
15045,5.0
15046,6.0
15047,6.0
15048,5.0
15049,6.0
15050,6.0
15051,5.0
15052,5.0
15053,5.0
15054,5.0
15055,5.0
15056,6.0
15057,7.0
15058,5.0
15059,5.0
15060,5.0
15061,6.0
15062,6.0
15063,5.0
15064,6.0
15065,6.0
15066,5.0
15067,6.0
15068,5.0
15069,5.0
15070,5.0
15071,6.0
15072,6.0
15073,5.0
15074,6.0
15075,6.0
15076,6.0
15077,5.0
15078,6.0
15079,5.0
15080,6.0
15081,6.0
15082,6.0
15083,6.0
15084,6.0
15085,5.0
15086,7.0
15087,6.0
15088,6.0
15089,6.0
15090,5.0
15091,7.0
15092,5.0
15093,6.0
15094,5.0
15095,5.0
15096,5.0
15097,5.0
15098,5.0
15099,5.0
15100,5.0
15101,6.0
15102,5.0
15103,7.0
15104,5.0
15105,5.0
15106,6.0
15107,6.0
15108,5.0
15109,5.0
15110,6.0
15111,5.0
15112,5.0
15113,6.0
15114,5.0
15115,5.0
15116,6.0
15117,6.0
15118,5.0
15119,6.0
15120,5.0
15121,5.0
15122,6.0
15123,5.0
15124,6.0
15125,5.0
15126,5.0
15127,6.0
15128,5.0
15129,6.0
15130,5.0
15131,5.0
15132,6.0
15133,6.0
15134,6.0
15135,5.0
15136,5.0
15137,6.0
15138,5.0
15139,6.0
15140,5.0
15141,6.0
15142,5.0
15143,5.0
15144,5.0
15145,5.0
15146,5.0
15147,6.0
15148,6.0
15149,5.0
15150,6.0
15151,7.0
15152,5.0
15153,5.0
15154,6.0
15155,5.0
15156,5.0
15157,5.0
15158,5.0
15159,5.0
15160,5.0
15161,5.0
15162,5.0
15163,6.0
15164,5.0
15165,5.0
15166,5.0
15167,5.0
15168,5.0
15169,6.0
15170,5.0
15171,5.0
15172,6.0
15173,5.0
15174,5.0
15175,6.0
15176,6.0
15177,5.0
15178,5.0
15179,5.0
15180,5.0
15181,6.0
15182,5.0
15183,5.0
15184,6.0
15185,6.0
15186,5.0
15187,5.0
15188,5.0
15189,5.0
15190,5.0
15191,5.0
15192,6.0
15193,6.0
15194,6.0
15195,5.0
15196,5.0
15197,5.0
15198,5.0
15199,6.0
15200,5.0
15201,6.0
15202,7.0
15203,5.0
15204,5.0
15205,5.0
15206,5.0
15207,6.0
15208,6.0
15209,5.0
15210,5.0
15211,6.0
15212,5.0
15213,6.0
15214,6.0
15215,6.0
15216,6.0
15217,5.0
15218,5.0
15219,5.0
15220,6.0
15221,5.0
15222,5.0
15223,5.0
15224,5.0
15225,7.0
15226,6.0
15227,6.0
15228,5.0
15229,5.0
15230,5.0
15231,5.0
15232,5.0
15233,6.0
15234,5.0
15235,5.0
15236,7.0
15237,5.0
15238,5.0
15239,5.0
15240,6.0
15241,5.0
15242,5.0
15243,6.0
15244,6.0
15245,7.0
15246,6.0
15247,7.0
15248,5.0
15249,6.0
15250,6.0
15251,5.0
15252,6.0
15253,6.0
15254,6.0
15255,5.0
15256,6.0
15257,7.0
15258,5.0
15259,6.0
15260,6.0
15261,5.0
15262,6.0
15263,5.0
15264,6.0
15265,6.0
15266,6.0
15267,6.0
15268,6.0
15269,5.0
15270,6.0
15271,5.0
15272,5.0
15273,6.0
15274,6.0
15275,5.0
15276,6.0
15277,5.0
15278,5.0
15279,5.0
15280,5.0
15281,5.0
15282,5.0
15283,5.0
15284,6.0
15285,5.0
15286,5.0
15287,5.0
15288,6.0
15289,5.0
15290,6.0
15291,5.0
15292,5.0
15293,6.0
15294,6.0
15295,6.0
15296,5.0
15297,6.0
15298,5.0
15299,6.0
15300,5.0
15301,6.0
15302,5.0
15303,5.0
15304,5.0
15305,6.0
15306,6.0
15307,5.0
15308,6.0
15309,6.0
15310,6.0
15311,5.0
15312,7.0
15313,5.0
15314,5.0
15315,6.0
15316,5.0
15317,6.0
15318,6.0
15319,5.0
15320,6.0
15321,5.0
15322,6.0
15323,6.0
15324,5.0
15325,5.0
15326,5.0
15327,5.0
15328,6.0
15329,5.0
15330,5.0
15331,6.0
15332,6.0
15333,5.0
15334,6.0
15335,5.0
15336,5.0
15337,5.0
15338,6.0
15339,6.0
15340,5.0
15341,5.0
15342,7.0
15343,5.0
15344,6.0
15345,5.0
15346,6.0
15347,5.0
15348,5.0
15349,6.0
15350,6.0
15351,6.0
15352,5.0
15353,5.0
15354,7.0
15355,6.0
15356,5.0
15357,6.0
15358,6.0
15359,5.0
15360,5.0
15361,5.0
15362,5.0
15363,7.0
15364,6.0
15365,6.0
15366,6.0
15367,5.0
15368,6.0
15369,6.0
15370,5.0
15371,5.0
15372,5.0
15373,7.0
15374,5.0
15375,5.0
15376,6.0
15377,7.0
15378,7.0
15379,6.0
15380,5.0
15381,6.0
15382,6.0
15383,5.0
15384,6.0
15385,6.0
15386,6.0
15387,5.0
15388,5.0
15389,5.0
15390,5.0
15391,6.0
15392,5.0
15393,5.0
15394,5.0
15395,5.0
15396,5.0
15397,5.0
15398,6.0
15399,5.0
15400,5.0
15401,6.0
15402,5.0
15403,6.0
15404,5.0
15405,7.0
15406,5.0
15407,5.0
15408,6.0
15409,5.0
15410,5.0
15411,5.0
15412,6.0
15413,6.0
15414,5.0
15415,5.0
15416,6.0
15417,5.0
15418,5.0
15419,6.0
15420,5.0
15421,5.0
15422,5.0
15423,6.0
15424,5.0
15425,6.0
15426,5.0
15427,6.0
15428,6.0
15429,6.0
15430,6.0
15431,5.0
15432,5.0
15433,5.0
15434,5.0
15435,5.0
15436,5.0
15437,6.0
15438,5.0
15439,6.0
15440,5.0
15441,6.0
15442,6.0
15443,5.0
15444,6.0
15445,5.0
15446,6.0
15447,6.0
15448,6.0
15449,6.0
15450,6.0
15451,5.0
15452,5.0
15453,5.0
15454,6.0
15455,5.0
15456,5.0
15457,5.0
15458,5.0
15459,5.0
15460,5.0
15461,6.0
15462,6.0
15463,6.0
15464,6.0
15465,6.0
15466,5.0
15467,5.0
15468,5.0
15469,6.0
15470,6.0
15471,5.0
15472,5.0
15473,5.0
15474,6.0
15475,5.0
15476,6.0
15477,5.0
15478,6.0
15479,6.0
15480,6.0
15481,5.0
15482,6.0
15483,6.0
15484,5.0
15485,6.0
15486,5.0
15487,6.0
15488,5.0
15489,5.0
15490,6.0
15491,5.0
15492,6.0
15493,5.0
15494,5.0
15495,6.0
15496,5.0
15497,5.0
15498,6.0
15499,6.0
15500,6.0
15501,6.0
15502,5.0
15503,5.0
15504,5.0
15505,6.0
15506,6.0
15507,6.0
15508,5.0
15509,6.0
15510,5.0
15511,5.0
15512,5.0
15513,6.0
15514,5.0
15515,5.0
15516,6.0
15517,6.0
15518,6.0
15519,6.0
15520,6.0
15521,6.0
15522,5.0
15523,5.0
15524,5.0
15525,6.0
15526,5.0
15527,5.0
15528,6.0
15529,5.0
15530,5.0
15531,5.0
15532,6.0
15533,6.0
15534,6.0
15535,6.0
15536,6.0
15537,6.0
15538,5.0
15539,6.0
15540,5.0
15541,5.0
15542,6.0
15543,5.0
15544,5.0
15545,5.0
15546,6.0
15547,6.0
15548,6.0
15549,5.0
15550,5.0
15551,6.0
15552,5.0
15553,5.0
15554,5.0
15555,5.0
15556,5.0
15557,6.0
15558,5.0
15559,5.0
15560,6.0
15561,5.0
15562,5.0
15563,5.0
15564,5.0
15565,6.0
15566,5.0
15567,6.0
15568,7.0
15569,6.0
15570,5.0
15571,6.0
15572,5.0
15573,5.0
15574,6.0
15575,5.0
15576,5.0
15577,6.0
15578,6.0
15579,5.0
15580,5.0
15581,5.0
15582,5.0
15583,5.0
15584,6.0
15585,6.0
15586,6.0
15587,6.0
15588,5.0
15589,6.0
15590,6.0
15591,5.0
15592,5.0
15593,5.0
15594,6.0
15595,5.0
15596,7.0
15597,6.0
15598,5.0
15599,6.0
15600,5.0
15601,5.0
15602,6.0
15603,5.0
15604,7.0
15605,6.0
15606,6.0
15607,6.0
15608,5.0
15609,7.0
15610,5.0
15611,6.0
15612,6.0
15613,5.0
15614,6.0
15615,5.0
15616,6.0
15617,5.0
15618,7.0
15619,6.0
15620,5.0
15621,6.0
15622,5.0
15623,6.0
15624,5.0
15625,6.0
15626,6.0
15627,5.0
15628,6.0
15629,6.0
15630,6.0
15631,6.0
15632,6.0
15633,6.0
15634,6.0
15635,5.0
15636,5.0
15637,6.0
15638,6.0
15639,6.0
15640,5.0
15641,5.0
15642,6.0
15643,6.0
15644,5.0
15645,6.0
15646,5.0
15647,6.0
15648,5.0
15649,5.0
15650,5.0
15651,5.0
15652,7.0
15653,5.0
15654,5.0
15655,6.0
15656,6.0
15657,5.0
15658,6.0
15659,6.0
15660,5.0
15661,5.0
15662,6.0
15663,5.0
15664,5.0
15665,5.0
15666,6.0
15667,5.0
15668,5.0
15669,5.0
15670,6.0
15671,5.0
15672,6.0
15673,7.0
15674,6.0
15675,5.0
15676,6.0
15677,5.0
15678,5.0
15679,6.0
15680,5.0
15681,6.0
15682,5.0
15683,5.0
15684,5.0
15685,5.0
15686,5.0
15687,5.0
15688,5.0
15689,5.0
15690,6.0
15691,5.0
15692,5.0
15693,6.0
15694,5.0
15695,6.0
15696,5.0
15697,5.0
15698,6.0
15699,6.0
15700,5.0
15701,5.0
15702,7.0
15703,5.0
15704,6.0
15705,6.0
15706,5.0
15707,5.0
15708,5.0
15709,5.0
15710,5.0
15711,5.0
15712,6.0
15713,5.0
15714,5.0
15715,5.0
15716,6.0
15717,5.0
15718,5.0
15719,6.0
15720,5.0
15721,5.0
15722,5.0
15723,5.0
15724,5.0
15725,5.0
15726,5.0
15727,5.0
15728,5.0
15729,5.0
15730,5.0
15731,5.0
15732,6.0
15733,5.0
15734,5.0
15735,6.0
15736,6.0
15737,6.0
15738,5.0
15739,6.0
15740,6.0
15741,5.0
15742,5.0
15743,5.0
15744,6.0
15745,5.0
15746,5.0
15747,6.0
15748,6.0
15749,5.0
15750,5.0
15751,6.0
15752,6.0
15753,7.0
15754,6.0
15755,5.0
15756,6.0
15757,6.0
15758,6.0
15759,6.0
15760,5.0
15761,5.0
15762,5.0
15763,5.0
15764,6.0
15765,6.0
15766,5.0
15767,5.0
15768,5.0
15769,6.0
15770,6.0
15771,6.0
15772,6.0
15773,5.0
15774,5.0
15775,5.0
15776,5.0
15777,5.0
15778,6.0
15779,6.0
15780,5.0
15781,6.0
15782,7.0
15783,6.0
15784,5.0
15785,7.0
15786,6.0
15787,5.0
15788,6.0
15789,6.0
15790,5.0
15791,6.0
15792,5.0
15793,6.0
15794,5.0
15795,5.0
15796,5.0
15797,6.0
15798,6.0
15799,5.0
15800,6.0
15801,6.0
15802,6.0
15803,6.0
15804,6.0
15805,6.0
15806,6.0
15807,6.0
15808,5.0
15809,5.0
15810,5.0
15811,6.0
15812,6.0
15813,7.0
15814,6.0
15815,5.0
15816,5.0
15817,6.0
15818,5.0
15819,5.0
15820,6.0
15821,5.0
15822,6.0
15823,5.0
15824,7.0
15825,6.0
15826,6.0
15827,6.0
15828,5.0
15829,6.0
15830,6.0
15831,5.0
15832,5.0
15833,5.0
15834,6.0
15835,5.0
15836,5.0
15837,5.0
15838,5.0
15839,6.0
15840,5.0
15841,5.0
15842,5.0
15843,6.0
15844,6.0
15845,5.0
15846,6.0
15847,5.0
15848,5.0
15849,5.0
15850,5.0
15851,6.0
15852,5.0
15853,6.0
15854,6.0
15855,6.0
15856,5.0
15857,5.0
15858,5.0
15859,5.0
15860,6.0
15861,5.0
15862,6.0
15863,5.0
15864,6.0
15865,5.0
15866,5.0
15867,6.0
15868,5.0
15869,7.0
15870,5.0
15871,5.0
15872,5.0
15873,5.0
15874,5.0
15875,6.0
15876,6.0
15877,6.0
15878,5.0
15879,5.0
15880,6.0
15881,6.0
15882,5.0
15883,5.0
15884,7.0
15885,5.0
15886,5.0
15887,5.0
15888,5.0
15889,5.0
15890,5.0
15891,6.0
15892,5.0
15893,6.0
15894,5.0
15895,5.0
15896,6.0
15897,6.0
15898,6.0
15899,5.0
15900,5.0
15901,5.0
15902,6.0
15903,5.0
15904,5.0
15905,5.0
15906,6.0
15907,6.0
15908,5.0
15909,5.0
15910,5.0
15911,5.0
15912,5.0
15913,6.0
15914,5.0
15915,6.0
15916,6.0
15917,5.0
15918,6.0
15919,5.0
15920,5.0
15921,6.0
15922,5.0
15923,6.0
15924,5.0
15925,5.0
15926,5.0
15927,6.0
15928,5.0
15929,6.0
15930,5.0
15931,6.0
15932,5.0
15933,7.0
15934,5.0
15935,5.0
15936,6.0
15937,6.0
15938,6.0
15939,6.0
15940,6.0
15941,6.0
15942,5.0
15943,5.0
15944,6.0
15945,7.0
15946,6.0
15947,5.0
15948,6.0
15949,5.0
15950,6.0
15951,6.0
15952,7.0
15953,5.0
15954,6.0
15955,6.0
15956,6.0
15957,5.0
15958,5.0
15959,6.0
15960,6.0
15961,6.0
15962,5.0
15963,5.0
15964,5.0
15965,5.0
15966,5.0
15967,5.0
15968,7.0
15969,5.0
15970,6.0
15971,5.0
15972,5.0
15973,5.0
15974,5.0
15975,6.0
15976,6.0
15977,5.0
15978,5.0
15979,6.0
15980,5.0
15981,5.0
15982,5.0
15983,5.0
15984,5.0
15985,6.0
15986,6.0
15987,5.0
15988,5.0
15989,6.0
15990,5.0
15991,6.0
15992,5.0
15993,6.0
15994,5.0
15995,5.0
15996,5.0
15997,6.0
15998,5.0
15999,6.0
16000,5.0
16001,5.0
16002,5.0
16003,6.0
16004,5.0
16005,5.0
16006,5.0
16007,5.0
16008,6.0
16009,6.0
16010,5.0
16011,6.0
16012,5.0
16013,5.0
16014,5.0
16015,5.0
16016,5.0
16017,5.0
16018,5.0
16019,6.0
16020,6.0
16021,5.0
16022,6.0
16023,5.0
16024,6.0
16025,5.0
16026,7.0
16027,5.0
16028,5.0
16029,5.0
16030,6.0
16031,6.0
16032,6.0
16033,6.0
16034,5.0
16035,6.0
16036,5.0
16037,6.0
16038,5.0
16039,6.0
16040,5.0
16041,6.0
16042,5.0
16043,6.0
16044,6.0
16045,5.0
16046,5.0
16047,5.0
16048,5.0
16049,5.0
16050,6.0
16051,5.0
16052,5.0
16053,6.0
16054,5.0
16055,6.0
16056,6.0
16057,5.0
16058,6.0
16059,5.0
16060,5.0
16061,6.0
16062,5.0
16063,6.0
16064,6.0
16065,5.0
16066,6.0
16067,5.0
16068,5.0
16069,6.0
16070,6.0
16071,5.0
16072,5.0
16073,5.0
16074,5.0
16075,5.0
16076,5.0
16077,5.0
16078,5.0
16079,6.0
16080,5.0
16081,5.0
16082,5.0
16083,6.0
16084,5.0
16085,6.0
16086,6.0
16087,6.0
16088,6.0
16089,6.0
16090,5.0
16091,5.0
16092,5.0
16093,5.0
16094,5.0
16095,6.0
16096,6.0
16097,7.0
16098,6.0
16099,6.0
16100,5.0
16101,5.0
16102,5.0
16103,6.0
16104,6.0
16105,5.0
16106,7.0
16107,6.0
16108,5.0
16109,6.0
16110,6.0
16111,5.0
16112,5.0
16113,6.0
16114,5.0
16115,5.0
16116,6.0
16117,6.0
16118,5.0
16119,5.0
16120,5.0
16121,6.0
16122,6.0
16123,5.0
16124,5.0
16125,6.0
16126,5.0
16127,5.0
16128,6.0
16129,6.0
16130,6.0
16131,5.0
16132,6.0
16133,6.0
16134,5.0
16135,5.0
16136,6.0
16137,7.0
16138,5.0
16139,5.0
16140,5.0
16141,6.0
16142,5.0
16143,5.0
16144,5.0
16145,5.0
16146,5.0
16147,5.0
16148,5.0
16149,5.0
16150,5.0
16151,6.0
16152,5.0
16153,6.0
16154,5.0
16155,5.0
16156,5.0
16157,5.0
16158,5.0
16159,6.0
16160,5.0
16161,5.0
16162,6.0
16163,5.0
16164,6.0
16165,6.0
16166,5.0
16167,6.0
16168,5.0
16169,5.0
16170,6.0
16171,5.0
16172,6.0
16173,6.0
16174,5.0
16175,5.0
16176,5.0
16177,6.0
16178,6.0
16179,6.0
16180,6.0
16181,7.0
16182,5.0
16183,6.0
16184,5.0
16185,5.0
16186,6.0
16187,5.0
16188,6.0
16189,6.0
16190,6.0
16191,5.0
16192,5.0
16193,6.0
16194,5.0
16195,5.0
16196,6.0
16197,5.0
16198,5.0
16199,5.0
16200,5.0
16201,5.0
16202,7.0
16203,5.0
16204,5.0
16205,6.0
16206,6.0
16207,5.0
16208,5.0
16209,5.0
16210,6.0
16211,6.0
16212,5.0
16213,6.0
16214,6.0
16215,6.0
16216,6.0
16217,5.0
16218,7.0
16219,6.0
16220,5.0
16221,6.0
16222,6.0
16223,5.0
16224,6.0
16225,5.0
16226,6.0
16227,6.0
16228,6.0
16229,7.0
16230,6.0
16231,5.0
16232,6.0
16233,6.0
16234,5.0
16235,5.0
16236,6.0
16237,5.0
16238,6.0
16239,6.0
16240,5.0
16241,7.0
16242,5.0
16243,6.0
16244,6.0
16245,6.0
16246,7.0
16247,5.0
16248,6.0
16249,5.0
16250,5.0
16251,5.0
16252,5.0
16253,5.0
16254,5.0
16255,5.0
16256,6.0
16257,5.0
16258,6.0
16259,5.0
16260,6.0
16261,6.0
16262,5.0
16263,6.0
16264,6.0
16265,5.0
16266,6.0
16267,5.0
16268,6.0
16269,6.0
16270,6.0
16271,5.0
16272,5.0
16273,7.0
16274,5.0
16275,6.0
16276,6.0
16277,6.0
16278,5.0
16279,6.0
16280,5.0
16281,5.0
16282,5.0
16283,5.0
16284,5.0
16285,6.0
16286,5.0
16287,6.0
16288,5.0
16289,6.0
16290,6.0
16291,6.0
16292,6.0
16293,6.0
16294,6.0
16295,6.0
16296,5.0
16297,5.0
16298,6.0
16299,6.0
16300,6.0
16301,5.0
16302,5.0
16303,6.0
16304,6.0
16305,5.0
16306,5.0
16307,5.0
16308,5.0
16309,5.0
16310,6.0
16311,5.0
16312,5.0
16313,6.0
16314,5.0
16315,5.0
16316,6.0
16317,5.0
16318,5.0
16319,6.0
16320,6.0
16321,5.0
16322,6.0
16323,5.0
16324,5.0
16325,5.0
16326,5.0
16327,6.0
16328,5.0
16329,6.0
16330,5.0
16331,6.0
16332,5.0
16333,5.0
16334,5.0
16335,5.0
16336,5.0
16337,6.0
16338,6.0
16339,5.0
16340,5.0
16341,5.0
16342,5.0
16343,5.0
16344,6.0
16345,6.0
16346,5.0
16347,6.0
16348,6.0
16349,5.0
16350,5.0
16351,5.0
16352,5.0
16353,6.0
16354,5.0
16355,6.0
16356,5.0
16357,6.0
16358,5.0
16359,6.0
16360,6.0
16361,6.0
16362,5.0
16363,5.0
16364,6.0
16365,5.0
16366,5.0
16367,6.0
16368,6.0
16369,6.0
16370,7.0
16371,6.0
16372,6.0
16373,5.0
16374,5.0
16375,5.0
16376,5.0
16377,5.0
16378,6.0
16379,5.0
16380,6.0
16381,5.0
16382,6.0
16383,6.0
16384,5.0
16385,5.0
16386,5.0
16387,5.0
16388,5.0
16389,6.0
16390,5.0
16391,6.0
16392,7.0
16393,5.0
16394,5.0
16395,6.0
16396,6.0
16397,5.0
16398,5.0
16399,5.0
16400,6.0
16401,5.0
16402,6.0
16403,6.0
16404,5.0
16405,7.0
16406,6.0
16407,5.0
16408,5.0
16409,6.0
16410,5.0
16411,5.0
16412,5.0
16413,6.0
16414,5.0
16415,6.0
16416,5.0
16417,6.0
16418,5.0
16419,5.0
16420,6.0
16421,5.0
16422,5.0
16423,5.0
16424,5.0
16425,5.0
16426,7.0
16427,5.0
16428,7.0
16429,5.0
16430,5.0
16431,5.0
16432,5.0
16433,5.0
16434,5.0
16435,5.0
16436,5.0
16437,5.0
16438,5.0
16439,5.0
16440,5.0
16441,5.0
16442,6.0
16443,5.0
16444,6.0
16445,6.0
16446,5.0
16447,6.0
16448,6.0
16449,6.0
16450,6.0
16451,5.0
16452,5.0
16453,5.0
16454,5.0
16455,6.0
16456,5.0
16457,5.0
16458,6.0
16459,6.0
16460,5.0
16461,5.0
16462,5.0
16463,5.0
16464,7.0
16465,5.0
16466,6.0
16467,5.0
16468,5.0
16469,5.0
16470,5.0
16471,5.0
16472,6.0
16473,5.0
16474,5.0
16475,5.0
16476,5.0
16477,5.0
16478,5.0
16479,5.0
16480,6.0
16481,6.0
16482,6.0
16483,6.0
16484,5.0
16485,5.0
16486,5.0
16487,5.0
16488,5.0
16489,5.0
16490,5.0
16491,5.0
16492,5.0
16493,7.0
16494,5.0
16495,6.0
16496,6.0
16497,6.0
16498,5.0
16499,5.0
16500,5.0
16501,5.0
16502,6.0
16503,5.0
16504,6.0
16505,6.0
16506,6.0
16507,6.0
16508,6.0
16509,5.0
16510,5.0
16511,6.0
16512,5.0
16513,5.0
16514,7.0
16515,6.0
16516,6.0
16517,6.0
16518,5.0
16519,5.0
16520,6.0
16521,5.0
16522,5.0
16523,7.0
16524,5.0
16525,6.0
16526,6.0
16527,6.0
16528,5.0
16529,6.0
16530,5.0
16531,5.0
16532,5.0
16533,6.0
16534,5.0
16535,6.0
16536,7.0
16537,7.0
16538,5.0
16539,6.0
16540,6.0
16541,6.0
16542,5.0
16543,5.0
16544,5.0
16545,5.0
16546,5.0
16547,6.0
16548,6.0
16549,6.0
16550,5.0
16551,6.0
16552,6.0
16553,6.0
16554,5.0
16555,5.0
16556,5.0
16557,5.0
16558,5.0
16559,6.0
16560,5.0
16561,6.0
16562,6.0
16563,5.0
16564,5.0
16565,6.0
16566,5.0
16567,5.0
16568,6.0
16569,5.0
16570,5.0
16571,5.0
16572,6.0
16573,5.0
16574,6.0
16575,6.0
16576,6.0
16577,7.0
16578,5.0
16579,6.0
16580,5.0
16581,6.0
16582,7.0
16583,5.0
16584,6.0
16585,6.0
16586,5.0
16587,5.0
16588,6.0
16589,7.0
16590,6.0
16591,6.0
16592,5.0
16593,5.0
16594,6.0
16595,5.0
16596,5.0
16597,6.0
16598,6.0
16599,6.0
16600,6.0
16601,5.0
16602,6.0
16603,7.0
16604,5.0
16605,6.0
16606,6.0
16607,5.0
16608,5.0
16609,5.0
16610,6.0
16611,5.0
16612,5.0
16613,6.0
16614,5.0
16615,6.0
16616,6.0
16617,6.0
16618,5.0
16619,6.0
16620,6.0
16621,5.0
16622,5.0
16623,5.0
16624,5.0
16625,5.0
16626,6.0
16627,5.0
16628,7.0
16629,5.0
16630,6.0
16631,6.0
16632,6.0
16633,6.0
16634,5.0
16635,5.0
16636,5.0
16637,6.0
16638,5.0
16639,5.0
16640,5.0
16641,6.0
16642,6.0
16643,5.0
16644,6.0
16645,5.0
16646,6.0
16647,5.0
16648,6.0
16649,7.0
16650,5.0
16651,5.0
16652,6.0
16653,6.0
16654,5.0
16655,6.0
16656,6.0
16657,5.0
16658,5.0
16659,5.0
16660,6.0
16661,6.0
16662,5.0
16663,5.0
16664,5.0
16665,5.0
16666,5.0
16667,5.0
16668,5.0
16669,5.0
16670,6.0
16671,5.0
16672,6.0
16673,6.0
16674,5.0
16675,6.0
16676,6.0
16677,6.0
16678,5.0
16679,7.0
16680,6.0
16681,5.0
16682,6.0
16683,6.0
16684,6.0
16685,5.0
16686,6.0
16687,6.0
16688,6.0
16689,6.0
16690,5.0
16691,5.0
16692,5.0
16693,5.0
16694,6.0
16695,5.0
16696,5.0
16697,6.0
16698,5.0
16699,5.0
16700,5.0
16701,5.0
16702,5.0
16703,6.0
16704,6.0
16705,6.0
16706,6.0
16707,6.0
16708,5.0
16709,6.0
16710,6.0
16711,6.0
16712,5.0
16713,6.0
16714,5.0
16715,6.0
16716,5.0
16717,6.0
16718,5.0
16719,5.0
16720,6.0
16721,5.0
16722,5.0
16723,6.0
16724,5.0
16725,6.0
16726,5.0
16727,6.0
16728,6.0
16729,5.0
16730,5.0
16731,6.0
16732,5.0
16733,6.0
16734,6.0
16735,6.0
16736,6.0
16737,6.0
16738,5.0
16739,5.0
16740,5.0
16741,6.0
16742,5.0
16743,5.0
16744,6.0
16745,6.0
16746,5.0
16747,5.0
16748,6.0
16749,5.0
16750,6.0
16751,6.0
16752,6.0
16753,5.0
16754,6.0
16755,6.0
16756,7.0
16757,6.0
16758,5.0
16759,5.0
16760,6.0
16761,5.0
16762,5.0
16763,6.0
16764,6.0
16765,5.0
16766,5.0
16767,6.0
16768,5.0
16769,6.0
16770,5.0
16771,5.0
16772,5.0
16773,6.0
16774,5.0
16775,5.0
16776,6.0
16777,6.0
16778,5.0
16779,5.0
16780,5.0
16781,5.0
16782,6.0
16783,5.0
16784,5.0
16785,5.0
16786,5.0
16787,5.0
16788,6.0
16789,7.0
16790,5.0
16791,6.0
16792,6.0
16793,6.0
16794,6.0
16795,5.0
16796,5.0
16797,6.0
16798,5.0
16799,5.0
16800,5.0
16801,5.0
16802,5.0
16803,5.0
16804,6.0
16805,5.0
16806,5.0
16807,5.0
16808,6.0
16809,5.0
16810,5.0
16811,5.0
16812,6.0
16813,5.0
16814,5.0
16815,5.0
16816,5.0
16817,5.0
16818,7.0
16819,5.0
16820,6.0
16821,6.0
16822,5.0
16823,5.0
16824,5.0
16825,6.0
16826,5.0
16827,5.0
16828,5.0
16829,5.0
16830,6.0
16831,6.0
16832,5.0
16833,5.0
16834,5.0
16835,6.0
16836,6.0
16837,6.0
16838,5.0
16839,5.0
16840,5.0
16841,6.0
16842,5.0
16843,5.0
16844,5.0
16845,5.0
16846,5.0
16847,5.0
16848,5.0
16849,5.0
16850,5.0
16851,5.0
16852,5.0
16853,6.0
16854,6.0
16855,5.0
16856,5.0
16857,6.0
16858,6.0
16859,6.0
16860,6.0
16861,5.0
16862,6.0
16863,5.0
16864,5.0
16865,6.0
16866,5.0
16867,5.0
16868,5.0
16869,5.0
16870,6.0
16871,7.0
16872,5.0
16873,7.0
16874,5.0
16875,5.0
16876,5.0
16877,6.0
16878,5.0
16879,5.0
16880,6.0
16881,5.0
16882,5.0
16883,5.0
16884,6.0
16885,5.0
16886,6.0
16887,6.0
16888,6.0
16889,6.0
16890,5.0
16891,6.0
16892,5.0
16893,5.0
16894,6.0
16895,5.0
16896,5.0
16897,6.0
16898,6.0
16899,5.0
16900,6.0
16901,5.0
16902,6.0
16903,6.0
16904,5.0
16905,6.0
16906,5.0
16907,6.0
16908,6.0
16909,6.0
16910,5.0
16911,5.0
16912,6.0
16913,6.0
16914,5.0
16915,5.0
16916,5.0
16917,6.0
16918,5.0
16919,5.0
16920,6.0
16921,5.0
16922,6.0
16923,5.0
16924,6.0
16925,5.0
16926,6.0
16927,6.0
16928,6.0
16929,5.0
16930,5.0
16931,5.0
16932,5.0
16933,5.0
16934,6.0
16935,6.0
16936,6.0
16937,5.0
16938,5.0
16939,6.0
16940,6.0
16941,6.0
16942,6.0
16943,5.0
16944,6.0
16945,6.0
16946,6.0
16947,6.0
16948,6.0
16949,6.0
16950,6.0
16951,5.0
16952,5.0
16953,5.0
16954,6.0
16955,6.0
16956,5.0
16957,5.0
16958,6.0
16959,5.0
16960,6.0
16961,6.0
16962,5.0
16963,6.0
16964,5.0
16965,5.0
16966,5.0
16967,5.0
16968,5.0
16969,6.0
16970,5.0
16971,7.0
16972,5.0
16973,5.0
16974,6.0
16975,5.0
16976,5.0
16977,6.0
16978,5.0
16979,5.0
16980,6.0
16981,6.0
16982,5.0
16983,5.0
16984,5.0
16985,6.0
16986,5.0
16987,5.0
16988,6.0
16989,7.0
16990,7.0
16991,5.0
16992,5.0
16993,6.0
16994,5.0
16995,6.0
16996,5.0
16997,5.0
16998,7.0
16999,7.0
17000,6.0
17001,5.0
17002,6.0
17003,6.0
17004,6.0
17005,6.0
17006,6.0
17007,6.0
17008,6.0
17009,5.0
17010,5.0
17011,6.0
17012,5.0
17013,6.0
17014,6.0
17015,6.0
17016,6.0
17017,6.0
17018,5.0
17019,6.0
17020,7.0
17021,5.0
17022,6.0
17023,6.0
17024,6.0
17025,5.0
17026,6.0
17027,6.0
17028,6.0
17029,5.0
17030,6.0
17031,6.0
17032,6.0
17033,6.0
17034,5.0
17035,5.0
17036,6.0
17037,6.0
17038,6.0
17039,7.0
17040,5.0
17041,5.0
17042,6.0
17043,5.0
17044,5.0
17045,6.0
17046,6.0
17047,5.0
17048,6.0
17049,7.0
17050,6.0
17051,6.0
17052,6.0
17053,6.0
17054,6.0
17055,5.0
17056,5.0
17057,5.0
17058,5.0
17059,6.0
17060,5.0
17061,7.0
17062,6.0
17063,5.0
17064,6.0
17065,5.0
17066,7.0
17067,6.0
17068,5.0
17069,5.0
17070,5.0
17071,5.0
17072,6.0
17073,6.0
17074,6.0
17075,6.0
17076,5.0
17077,5.0
17078,5.0
17079,6.0
17080,5.0
17081,5.0
17082,6.0
17083,6.0
17084,5.0
17085,5.0
17086,5.0
17087,5.0
17088,6.0
17089,5.0
17090,5.0
17091,5.0
17092,5.0
17093,5.0
17094,5.0
17095,5.0
17096,6.0
17097,5.0
17098,5.0
17099,5.0
17100,6.0
17101,5.0
17102,6.0
17103,5.0
17104,7.0
17105,5.0
17106,5.0
17107,6.0
17108,6.0
17109,6.0
17110,6.0
17111,5.0
17112,5.0
17113,5.0
17114,5.0
17115,6.0
17116,6.0
17117,6.0
17118,6.0
17119,5.0
17120,5.0
17121,6.0
17122,5.0
17123,5.0
17124,5.0
17125,5.0
17126,5.0
17127,6.0
17128,5.0
17129,5.0
17130,5.0
17131,5.0
17132,6.0
17133,5.0
17134,5.0
17135,5.0
17136,5.0
17137,6.0
17138,5.0
17139,5.0
17140,5.0
17141,6.0
17142,6.0
17143,5.0
17144,5.0
17145,7.0
17146,6.0
17147,5.0
17148,5.0
17149,5.0
17150,5.0
17151,6.0
17152,5.0
17153,5.0
17154,5.0
17155,6.0
17156,6.0
17157,5.0
17158,5.0
17159,5.0
17160,5.0
17161,5.0
17162,6.0
17163,5.0
17164,5.0
17165,7.0
17166,5.0
17167,6.0
17168,5.0
17169,5.0
17170,6.0
17171,5.0
17172,6.0
17173,6.0
17174,6.0
17175,5.0
17176,5.0
17177,5.0
17178,5.0
17179,6.0
17180,5.0
17181,6.0
17182,6.0
17183,5.0
17184,6.0
17185,5.0
17186,6.0
17187,6.0
17188,5.0
17189,5.0
17190,5.0
17191,6.0
17192,6.0
17193,5.0
17194,6.0
17195,5.0
17196,5.0
17197,5.0
17198,6.0
17199,5.0
17200,5.0
17201,5.0
17202,5.0
17203,5.0
17204,6.0
17205,5.0
17206,6.0
17207,6.0
17208,6.0
17209,6.0
17210,6.0
17211,5.0
17212,5.0
17213,5.0
17214,6.0
17215,5.0
17216,6.0
17217,5.0
17218,5.0
17219,5.0
17220,5.0
17221,6.0
17222,6.0
17223,6.0
17224,5.0
17225,6.0
17226,6.0
17227,5.0
17228,5.0
17229,6.0
17230,5.0
17231,5.0
17232,6.0
17233,6.0
17234,6.0
17235,6.0
17236,6.0
17237,5.0
17238,5.0
17239,5.0
17240,5.0
17241,6.0
17242,6.0
17243,5.0
17244,6.0
17245,6.0
17246,6.0
17247,5.0
17248,5.0
17249,5.0
17250,6.0
17251,6.0
17252,5.0
17253,5.0
17254,6.0
17255,5.0
17256,5.0
17257,6.0
17258,5.0
17259,5.0
17260,6.0
17261,5.0
17262,5.0
17263,5.0
17264,6.0
17265,6.0
17266,5.0
17267,6.0
17268,5.0
17269,5.0
17270,6.0
17271,5.0
17272,7.0
17273,6.0
17274,5.0
17275,6.0
17276,5.0
17277,6.0
17278,5.0
17279,6.0
17280,5.0
17281,5.0
17282,5.0
17283,5.0
17284,6.0
17285,6.0
17286,5.0
17287,5.0
17288,5.0
17289,5.0
17290,5.0
17291,6.0
17292,5.0
17293,5.0
17294,5.0
17295,5.0
17296,5.0
17297,5.0
17298,5.0
17299,5.0
17300,6.0
17301,6.0
17302,6.0
17303,6.0
17304,5.0
17305,6.0
17306,5.0
17307,5.0
17308,5.0
17309,6.0
17310,7.0
17311,6.0
17312,6.0
17313,5.0
17314,6.0
17315,6.0
17316,6.0
17317,5.0
17318,5.0
17319,7.0
17320,6.0
17321,5.0
17322,5.0
17323,5.0
17324,6.0
17325,5.0
17326,6.0
17327,5.0
17328,5.0
17329,5.0
17330,6.0
17331,5.0
17332,5.0
17333,6.0
17334,6.0
17335,6.0
17336,6.0
17337,5.0
17338,5.0
17339,5.0
17340,6.0
17341,6.0
17342,5.0
17343,6.0
17344,6.0
17345,5.0
17346,5.0
17347,6.0
17348,6.0
17349,7.0
17350,5.0
17351,5.0
17352,5.0
17353,6.0
17354,5.0
17355,5.0
17356,5.0
17357,6.0
17358,5.0
17359,5.0
17360,5.0
17361,5.0
17362,7.0
17363,6.0
17364,6.0
17365,6.0
17366,6.0
17367,5.0
17368,5.0
17369,6.0
17370,5.0
17371,6.0
17372,6.0
17373,6.0
17374,6.0
17375,5.0
17376,5.0
17377,5.0
17378,5.0
17379,6.0
17380,7.0
17381,6.0
17382,6.0
17383,6.0
17384,6.0
17385,5.0
17386,5.0
17387,6.0
17388,5.0
17389,7.0
17390,7.0
17391,5.0
17392,6.0
17393,6.0
17394,6.0
17395,5.0
17396,6.0
17397,5.0
17398,6.0
17399,6.0
17400,5.0
17401,5.0
17402,6.0
17403,5.0
17404,7.0
17405,6.0
17406,6.0
17407,6.0
17408,6.0
17409,7.0
17410,5.0
17411,6.0
17412,6.0
17413,6.0
17414,5.0
17415,6.0
17416,5.0
17417,6.0
17418,6.0
17419,5.0
17420,5.0
17421,6.0
17422,5.0
17423,5.0
17424,5.0
17425,5.0
17426,5.0
17427,7.0
17428,5.0
17429,5.0
17430,5.0
17431,5.0
17432,6.0
17433,6.0
17434,5.0
17435,6.0
17436,5.0
17437,6.0
17438,5.0
17439,6.0
17440,6.0
17441,5.0
17442,6.0
17443,5.0
17444,5.0
17445,5.0
17446,5.0
17447,6.0
17448,5.0
17449,6.0
17450,6.0
17451,6.0
17452,5.0
17453,5.0
17454,5.0
17455,5.0
17456,6.0
17457,5.0
17458,7.0
17459,6.0
17460,6.0
17461,5.0
17462,5.0
17463,5.0
17464,5.0
17465,7.0
17466,5.0
17467,6.0
17468,5.0
17469,6.0
17470,5.0
17471,6.0
17472,6.0
17473,5.0
17474,5.0
17475,5.0
17476,5.0
17477,6.0
17478,6.0
17479,6.0
17480,6.0
17481,5.0
17482,5.0
17483,5.0
17484,5.0
17485,6.0
17486,6.0
17487,6.0
17488,6.0
17489,6.0
17490,6.0
17491,5.0
17492,5.0
17493,5.0
17494,6.0
17495,5.0
17496,5.0
17497,6.0
17498,6.0
17499,5.0
17500,5.0
17501,6.0
17502,5.0
17503,6.0
17504,6.0
17505,6.0
17506,5.0
17507,6.0
17508,5.0
17509,6.0
17510,5.0
17511,6.0
17512,5.0
17513,6.0
17514,5.0
17515,5.0
17516,5.0
17517,6.0
17518,5.0
17519,5.0
17520,5.0
17521,5.0
17522,5.0
17523,5.0
17524,5.0
17525,6.0
17526,7.0
17527,7.0
17528,5.0
17529,7.0
17530,5.0
17531,5.0
17532,5.0
17533,6.0
17534,5.0
17535,5.0
17536,5.0
17537,6.0
17538,5.0
17539,6.0
17540,5.0
17541,6.0
17542,6.0
17543,5.0
17544,5.0
17545,5.0
17546,5.0
17547,5.0
17548,6.0
17549,5.0
17550,6.0
17551,5.0
17552,5.0
17553,5.0
17554,6.0
17555,5.0
17556,7.0
17557,6.0
17558,5.0
17559,6.0
17560,6.0
17561,5.0
17562,6.0
17563,6.0
17564,5.0
17565,6.0
17566,5.0
17567,6.0
17568,5.0
17569,6.0
17570,6.0
17571,6.0
17572,5.0
17573,5.0
17574,6.0
17575,5.0
17576,5.0
17577,5.0
17578,6.0
17579,5.0
17580,5.0
17581,5.0
17582,5.0
17583,7.0
17584,5.0
17585,6.0
17586,6.0
17587,6.0
17588,6.0
17589,6.0
17590,5.0
17591,6.0
17592,5.0
17593,6.0
17594,5.0
17595,5.0
17596,5.0
17597,5.0
17598,6.0
17599,6.0
17600,5.0
17601,5.0
17602,5.0
17603,5.0
17604,5.0
17605,5.0
17606,6.0
17607,5.0
17608,5.0
17609,6.0
17610,6.0
17611,5.0
17612,5.0
17613,5.0
17614,6.0
17615,6.0
17616,7.0
17617,5.0
17618,5.0
17619,6.0
17620,5.0
17621,5.0
17622,5.0
17623,5.0
17624,5.0
17625,6.0
17626,5.0
17627,6.0
17628,6.0
17629,5.0
17630,7.0
17631,5.0
17632,5.0
17633,6.0
17634,7.0
17635,5.0
17636,5.0
17637,5.0
17638,5.0
17639,6.0
17640,6.0
17641,5.0
17642,5.0
17643,6.0
17644,6.0
17645,6.0
17646,5.0
17647,5.0
17648,6.0
17649,6.0
17650,5.0
17651,5.0
17652,5.0
17653,6.0
17654,5.0
17655,5.0
17656,6.0
17657,6.0
17658,5.0
17659,5.0
17660,6.0
17661,5.0
17662,6.0
17663,6.0
17664,5.0
17665,5.0
17666,6.0
17667,5.0
17668,5.0
17669,6.0
17670,5.0
17671,5.0
17672,5.0
17673,7.0
17674,5.0
17675,5.0
17676,6.0
17677,6.0
17678,6.0
17679,5.0
17680,6.0
17681,7.0
17682,5.0
17683,6.0
17684,6.0
17685,5.0
17686,6.0
17687,5.0
17688,5.0
17689,5.0
17690,5.0
17691,7.0
17692,6.0
17693,6.0
17694,6.0
17695,5.0
17696,6.0
17697,5.0
17698,6.0
17699,5.0
17700,5.0
17701,6.0
17702,6.0
17703,5.0
17704,5.0
17705,5.0
17706,6.0
17707,5.0
17708,6.0
17709,6.0
17710,5.0
17711,6.0
17712,5.0
17713,6.0
17714,6.0
17715,6.0
17716,7.0
17717,5.0
17718,6.0
17719,5.0
17720,6.0
17721,5.0
17722,6.0
17723,6.0
17724,5.0
17725,7.0
17726,5.0
17727,6.0
17728,6.0
17729,5.0
17730,5.0
17731,5.0
17732,6.0
17733,6.0
17734,6.0
17735,6.0
17736,5.0
17737,5.0
17738,6.0
17739,5.0
17740,5.0
17741,5.0
17742,6.0
17743,5.0
17744,5.0
17745,6.0
17746,6.0
17747,5.0
17748,5.0
17749,5.0
17750,6.0
17751,6.0
17752,6.0
17753,5.0
17754,5.0
17755,5.0
17756,6.0
17757,5.0
17758,5.0
17759,5.0
17760,5.0
17761,6.0
17762,5.0
17763,6.0
17764,7.0
17765,5.0
17766,6.0
17767,5.0
17768,5.0
17769,6.0
17770,5.0
17771,7.0
17772,5.0
17773,5.0
17774,5.0
17775,5.0
17776,5.0
17777,6.0
17778,5.0
17779,5.0
17780,5.0
17781,6.0
17782,7.0
17783,5.0
17784,6.0
17785,6.0
17786,5.0
17787,5.0
17788,6.0
17789,6.0
17790,5.0
17791,5.0
17792,5.0
17793,5.0
17794,6.0
17795,5.0
17796,5.0
17797,6.0
17798,5.0
17799,5.0
17800,6.0
17801,5.0
17802,5.0
17803,5.0
17804,6.0
17805,5.0
17806,6.0
17807,5.0
17808,6.0
17809,5.0
17810,5.0
17811,5.0
17812,6.0
17813,6.0
17814,5.0
17815,5.0
17816,5.0
17817,6.0
17818,6.0
17819,5.0
17820,7.0
17821,5.0
17822,5.0
17823,5.0
17824,6.0
17825,5.0
17826,6.0
17827,6.0
17828,5.0
17829,5.0
17830,5.0
17831,6.0
17832,5.0
17833,6.0
17834,6.0
17835,5.0
17836,5.0
17837,5.0
17838,6.0
17839,5.0
17840,5.0
17841,5.0
17842,5.0
17843,6.0
17844,5.0
17845,5.0
17846,5.0
17847,5.0
17848,5.0
17849,5.0
17850,5.0
17851,6.0
17852,5.0
17853,6.0
17854,5.0
17855,5.0
17856,5.0
17857,6.0
17858,6.0
17859,5.0
17860,5.0
17861,5.0
17862,5.0
17863,5.0
17864,6.0
17865,6.0
17866,6.0
17867,6.0
17868,6.0
17869,6.0
17870,6.0
17871,6.0
17872,5.0
17873,6.0
17874,5.0
17875,6.0
17876,5.0
17877,5.0
17878,5.0
17879,5.0
17880,6.0
17881,5.0
17882,6.0
17883,5.0
17884,5.0
17885,5.0
17886,5.0
17887,6.0
17888,5.0
17889,5.0
17890,6.0
17891,6.0
17892,5.0
17893,6.0
17894,5.0
17895,5.0
17896,5.0
17897,6.0
17898,5.0
17899,5.0
17900,5.0
17901,5.0
17902,6.0
17903,5.0
17904,5.0
17905,6.0
17906,6.0
17907,6.0
17908,5.0
17909,5.0
17910,5.0
17911,6.0
17912,5.0
17913,7.0
17914,6.0
17915,6.0
17916,5.0
17917,6.0
17918,7.0
17919,6.0
17920,5.0
17921,6.0
17922,6.0
17923,5.0
17924,6.0
17925,5.0
17926,5.0
17927,5.0
17928,5.0
17929,5.0
17930,6.0
17931,5.0
17932,5.0
17933,6.0
17934,5.0
17935,5.0
17936,5.0
17937,6.0
17938,6.0
17939,5.0
17940,5.0
17941,6.0
17942,6.0
17943,6.0
17944,7.0
17945,7.0
17946,5.0
17947,5.0
17948,5.0
17949,5.0
17950,6.0
17951,5.0
17952,6.0
17953,5.0
17954,6.0
17955,6.0
17956,5.0
17957,6.0
17958,5.0
17959,5.0
17960,5.0
17961,5.0
17962,5.0
17963,6.0
17964,5.0
17965,5.0
17966,5.0
17967,5.0
17968,5.0
17969,5.0
17970,5.0
17971,5.0
17972,5.0
17973,6.0
17974,5.0
17975,5.0
17976,5.0
17977,5.0
17978,5.0
17979,5.0
17980,5.0
17981,6.0
17982,5.0
17983,5.0
17984,6.0
17985,6.0
17986,5.0
17987,5.0
17988,6.0
17989,5.0
17990,6.0
17991,6.0
17992,5.0
17993,7.0
17994,6.0
17995,6.0
17996,5.0
17997,6.0
17998,5.0
17999,6.0
18000,6.0
18001,6.0
18002,6.0
18003,6.0
18004,6.0
18005,5.0
18006,5.0
18007,5.0
18008,6.0
18009,5.0
18010,5.0
18011,5.0
18012,5.0
18013,5.0
18014,5.0
18015,5.0
18016,5.0
18017,6.0
18018,6.0
18019,5.0
18020,6.0
18021,5.0
18022,5.0
18023,6.0
18024,5.0
18025,6.0
18026,6.0
18027,5.0
18028,6.0
18029,5.0
18030,6.0
18031,5.0
18032,6.0
18033,6.0
18034,5.0
18035,5.0
18036,5.0
18037,5.0
18038,6.0
18039,6.0
18040,5.0
18041,5.0
18042,5.0
18043,5.0
18044,5.0
18045,5.0
18046,6.0
18047,6.0
18048,5.0
18049,7.0
18050,5.0
18051,5.0
18052,6.0
18053,6.0
18054,5.0
18055,5.0
18056,5.0
18057,5.0
18058,5.0
18059,5.0
18060,5.0
18061,5.0
18062,6.0
18063,5.0
18064,5.0
18065,5.0
18066,5.0
18067,5.0
18068,6.0
18069,5.0
18070,5.0
18071,5.0
18072,7.0
18073,6.0
18074,6.0
18075,5.0
18076,6.0
18077,5.0
18078,6.0
18079,5.0
18080,6.0
18081,5.0
18082,6.0
18083,6.0
18084,6.0
18085,5.0
18086,6.0
18087,5.0
18088,6.0
18089,5.0
18090,5.0
18091,6.0
18092,5.0
18093,5.0
18094,5.0
18095,5.0
18096,6.0
18097,5.0
18098,6.0
18099,5.0
18100,5.0
18101,6.0
18102,6.0
18103,6.0
18104,6.0
18105,5.0
18106,6.0
18107,5.0
18108,6.0
18109,5.0
18110,5.0
18111,6.0
18112,5.0
18113,6.0
18114,5.0
18115,6.0
18116,6.0
18117,5.0
18118,5.0
18119,5.0
18120,5.0
18121,6.0
18122,5.0
18123,5.0
18124,5.0
18125,5.0
18126,5.0
18127,6.0
18128,5.0
18129,6.0
18130,6.0
18131,6.0
18132,5.0
18133,5.0
18134,7.0
18135,5.0
18136,6.0
18137,5.0
18138,7.0
18139,5.0
18140,5.0
18141,5.0
18142,6.0
18143,6.0
18144,5.0
18145,5.0
18146,6.0
18147,6.0
18148,6.0
18149,5.0
18150,6.0
18151,5.0
18152,5.0
18153,5.0
18154,6.0
18155,5.0
18156,6.0
18157,5.0
18158,6.0
18159,6.0
18160,6.0
18161,6.0
18162,7.0
18163,5.0
18164,5.0
18165,5.0
18166,7.0
18167,5.0
18168,5.0
18169,5.0
18170,5.0
18171,5.0
18172,6.0
18173,5.0
18174,5.0
18175,6.0
18176,5.0
18177,6.0
18178,5.0
18179,7.0
18180,6.0
18181,5.0
18182,5.0
18183,6.0
18184,6.0
18185,6.0
18186,5.0
18187,5.0
18188,5.0
18189,5.0
18190,5.0
18191,5.0
18192,6.0
18193,5.0
18194,6.0
18195,5.0
18196,6.0
18197,5.0
18198,7.0
18199,5.0
18200,6.0
18201,5.0
18202,5.0
18203,5.0
18204,6.0
18205,5.0
18206,5.0
18207,5.0
18208,6.0
18209,5.0
18210,5.0
18211,5.0
18212,6.0
18213,6.0
18214,5.0
18215,6.0
18216,5.0
18217,5.0
18218,5.0
18219,6.0
18220,5.0
18221,6.0
18222,5.0
18223,6.0
18224,5.0
18225,6.0
18226,5.0
18227,5.0
18228,6.0
18229,6.0
18230,6.0
18231,5.0
18232,5.0
18233,6.0
18234,6.0
18235,6.0
18236,5.0
18237,5.0
18238,6.0
18239,5.0
18240,6.0
18241,6.0
18242,5.0
18243,7.0
18244,6.0
18245,5.0
18246,6.0
18247,5.0
18248,5.0
18249,5.0
18250,6.0
18251,5.0
18252,6.0
18253,5.0
18254,6.0
18255,6.0
18256,5.0
18257,5.0
18258,6.0
18259,5.0
18260,5.0
18261,5.0
18262,6.0
18263,5.0
18264,5.0
18265,5.0
18266,5.0
18267,6.0
18268,7.0
18269,5.0
18270,6.0
18271,5.0
18272,7.0
18273,7.0
18274,5.0
18275,6.0
18276,5.0
18277,6.0
18278,5.0
18279,5.0
18280,6.0
18281,6.0
18282,7.0
18283,6.0
18284,5.0
18285,6.0
18286,6.0
18287,6.0
18288,5.0
18289,5.0
18290,5.0
18291,6.0
18292,7.0
18293,6.0
18294,5.0
18295,5.0
18296,6.0
18297,6.0
18298,6.0
18299,6.0
18300,6.0
18301,5.0
18302,6.0
18303,6.0
18304,6.0
18305,6.0
18306,5.0
18307,5.0
18308,5.0
18309,5.0
18310,6.0
18311,5.0
18312,5.0
18313,5.0
18314,5.0
18315,7.0
18316,5.0
18317,5.0
18318,5.0
18319,5.0
18320,5.0
18321,5.0
18322,7.0
18323,6.0
18324,6.0
18325,7.0
18326,5.0
18327,5.0
18328,6.0
18329,5.0
18330,6.0
18331,5.0
18332,5.0
18333,6.0
18334,5.0
18335,6.0
18336,5.0
18337,6.0
18338,6.0
18339,5.0
18340,6.0
18341,5.0
18342,6.0
18343,6.0
18344,5.0
18345,6.0
18346,5.0
18347,6.0
18348,5.0
18349,6.0
18350,6.0
18351,5.0
18352,5.0
18353,6.0
18354,5.0
18355,7.0
18356,6.0
18357,6.0
18358,6.0
18359,5.0
18360,5.0
18361,6.0
18362,6.0
18363,5.0
18364,5.0
18365,6.0
18366,5.0
18367,5.0
18368,6.0
18369,6.0
18370,6.0
18371,6.0
18372,6.0
18373,6.0
18374,6.0
18375,6.0
18376,5.0
18377,6.0
18378,5.0
18379,5.0
18380,6.0
18381,5.0
18382,6.0
18383,6.0
18384,5.0
18385,6.0
18386,5.0
18387,5.0
18388,5.0
18389,5.0
18390,6.0
18391,5.0
18392,5.0
18393,6.0
18394,6.0
18395,5.0
18396,5.0
18397,6.0
18398,6.0
18399,6.0
18400,5.0
18401,6.0
18402,7.0
18403,5.0
18404,6.0
18405,6.0
18406,5.0
18407,5.0
18408,5.0
18409,5.0
18410,6.0
18411,5.0
18412,5.0
18413,5.0
18414,6.0
18415,6.0
18416,5.0
18417,5.0
18418,5.0
18419,5.0
18420,6.0
18421,5.0
18422,5.0
18423,5.0
18424,5.0
18425,6.0
18426,5.0
18427,7.0
18428,6.0
18429,6.0
18430,6.0
18431,6.0
18432,5.0
18433,5.0
18434,5.0
18435,5.0
18436,6.0
18437,6.0
18438,6.0
18439,5.0
18440,5.0
18441,6.0
18442,6.0
18443,6.0
18444,5.0
18445,5.0
18446,5.0
18447,6.0
18448,5.0
18449,5.0
18450,6.0
18451,6.0
18452,6.0
18453,6.0
18454,5.0
18455,7.0
18456,5.0
18457,6.0
18458,5.0
18459,5.0
18460,5.0
18461,5.0
18462,5.0
18463,5.0
18464,5.0
18465,6.0
18466,6.0
18467,5.0
18468,5.0
18469,5.0
18470,5.0
18471,5.0
18472,5.0
18473,5.0
18474,5.0
18475,7.0
18476,6.0
18477,5.0
18478,6.0
18479,6.0
18480,5.0
18481,6.0
18482,5.0
18483,6.0
18484,6.0
18485,5.0
18486,5.0
18487,5.0
18488,5.0
18489,5.0
18490,6.0
18491,5.0
18492,5.0
18493,6.0
18494,5.0
18495,6.0
18496,5.0
18497,6.0
18498,6.0
18499,5.0
18500,5.0
18501,5.0
18502,5.0
18503,5.0
18504,6.0
18505,7.0
18506,7.0
18507,5.0
18508,6.0
18509,5.0
18510,6.0
18511,7.0
18512,5.0
18513,5.0
18514,5.0
18515,6.0
18516,6.0
18517,5.0
18518,5.0
18519,5.0
18520,5.0
18521,6.0
18522,6.0
18523,5.0
18524,5.0
18525,5.0
18526,5.0
18527,6.0
18528,6.0
18529,6.0
18530,6.0
18531,7.0
18532,5.0
18533,5.0
18534,5.0
18535,5.0
18536,5.0
18537,5.0
18538,6.0
18539,5.0
18540,5.0
18541,6.0
18542,6.0
18543,6.0
18544,6.0
18545,5.0
18546,6.0
18547,6.0
18548,6.0
18549,5.0
18550,5.0
18551,6.0
18552,5.0
18553,5.0
18554,6.0
18555,6.0
18556,6.0
18557,5.0
18558,5.0
18559,5.0
18560,5.0
18561,5.0
18562,5.0
18563,5.0
18564,5.0
18565,5.0
18566,6.0
18567,6.0
18568,6.0
18569,6.0
18570,6.0
18571,5.0
18572,6.0
18573,6.0
18574,5.0
18575,6.0
18576,6.0
18577,6.0
18578,6.0
18579,6.0
18580,5.0
18581,6.0
18582,5.0
18583,5.0
18584,5.0
18585,5.0
18586,6.0
18587,5.0
18588,5.0
18589,5.0
18590,5.0
18591,5.0
18592,5.0
18593,5.0
18594,6.0
18595,5.0
18596,6.0
18597,6.0
18598,6.0
18599,6.0
18600,6.0
18601,5.0
18602,6.0
18603,5.0
18604,5.0
18605,7.0
18606,5.0
18607,6.0
18608,5.0
18609,5.0
18610,5.0
18611,5.0
18612,5.0
18613,5.0
18614,6.0
18615,5.0
18616,6.0
18617,6.0
18618,6.0
18619,6.0
18620,6.0
18621,5.0
18622,5.0
18623,6.0
18624,5.0
18625,5.0
18626,5.0
18627,6.0
18628,6.0
18629,5.0
18630,5.0
18631,5.0
18632,5.0
18633,6.0
18634,6.0
18635,6.0
18636,5.0
18637,5.0
18638,5.0
18639,6.0
18640,5.0
18641,6.0
18642,5.0
18643,5.0
18644,5.0
18645,5.0
18646,6.0
18647,5.0
18648,5.0
18649,5.0
18650,5.0
18651,6.0
18652,5.0
18653,5.0
18654,5.0
18655,5.0
18656,6.0
18657,6.0
18658,6.0
18659,5.0
18660,6.0
18661,6.0
18662,5.0
18663,5.0
18664,6.0
18665,6.0
18666,5.0
18667,5.0
18668,5.0
18669,5.0
18670,6.0
18671,6.0
18672,7.0
18673,5.0
18674,5.0
18675,5.0
18676,5.0
18677,5.0
18678,6.0
18679,6.0
18680,5.0
18681,5.0
18682,5.0
18683,6.0
18684,5.0
18685,5.0
18686,6.0
18687,5.0
18688,5.0
18689,6.0
18690,6.0
18691,5.0
18692,6.0
18693,5.0
18694,6.0
18695,6.0
18696,6.0
18697,5.0
18698,5.0
18699,5.0
18700,6.0
18701,6.0
18702,6.0
18703,6.0
18704,5.0
18705,5.0
18706,5.0
18707,6.0
18708,5.0
18709,5.0
18710,5.0
18711,6.0
18712,5.0
18713,5.0
18714,6.0
18715,6.0
18716,6.0
18717,5.0
18718,5.0
18719,5.0
18720,5.0
18721,5.0
18722,5.0
18723,5.0
18724,6.0
18725,5.0
18726,5.0
18727,6.0
18728,5.0
18729,5.0
18730,6.0
18731,5.0
18732,5.0
18733,6.0
18734,6.0
18735,6.0
18736,6.0
18737,6.0
18738,5.0
18739,6.0
18740,5.0
18741,5.0
18742,7.0
18743,6.0
18744,5.0
18745,5.0
18746,5.0
18747,6.0
18748,5.0
18749,5.0
18750,6.0
18751,5.0
18752,6.0
18753,5.0
18754,6.0
18755,5.0
18756,6.0
18757,6.0
18758,6.0
18759,5.0
18760,6.0
18761,6.0
18762,5.0
18763,5.0
18764,5.0
18765,6.0
18766,5.0
18767,5.0
18768,5.0
18769,5.0
18770,7.0
18771,6.0
18772,5.0
18773,5.0
18774,6.0
18775,7.0
18776,6.0
18777,6.0
18778,6.0
18779,6.0
18780,5.0
18781,5.0
18782,6.0
18783,6.0
18784,7.0
18785,7.0
18786,6.0
18787,6.0
18788,5.0
18789,7.0
18790,6.0
18791,6.0
18792,5.0
18793,5.0
18794,5.0
18795,5.0
18796,7.0
18797,5.0
18798,6.0
18799,5.0
18800,7.0
18801,7.0
18802,7.0
18803,5.0
18804,6.0
18805,5.0
18806,6.0
18807,5.0
18808,5.0
18809,6.0
18810,5.0
18811,5.0
18812,7.0
18813,5.0
18814,5.0
18815,6.0
18816,6.0
18817,5.0
18818,6.0
18819,5.0
18820,5.0
18821,6.0
18822,5.0
18823,5.0
18824,6.0
18825,5.0
18826,5.0
18827,5.0
18828,6.0
18829,6.0
18830,5.0
18831,6.0
18832,6.0
18833,5.0
18834,5.0
18835,5.0
18836,5.0
18837,5.0
18838,6.0
18839,6.0
18840,5.0
18841,5.0
18842,5.0
18843,7.0
18844,6.0
18845,6.0
18846,5.0
18847,5.0
18848,6.0
18849,5.0
18850,5.0
18851,5.0
18852,5.0
18853,6.0
18854,7.0
18855,6.0
18856,6.0
18857,5.0
18858,6.0
18859,5.0
18860,6.0
18861,6.0
18862,5.0
18863,6.0
18864,6.0
18865,5.0
18866,6.0
18867,6.0
18868,5.0
18869,5.0
18870,5.0
18871,6.0
18872,5.0
18873,5.0
18874,6.0
18875,5.0
18876,6.0
18877,5.0
18878,6.0
18879,5.0
18880,6.0
18881,5.0
18882,5.0
18883,6.0
18884,5.0
18885,6.0
18886,5.0
18887,6.0
18888,5.0
18889,6.0
18890,5.0
18891,5.0
18892,5.0
18893,5.0
18894,5.0
18895,5.0
18896,6.0
18897,6.0
18898,5.0
18899,5.0
18900,5.0
18901,5.0
18902,5.0
18903,7.0
18904,5.0
18905,5.0
18906,6.0
18907,5.0
18908,5.0
18909,7.0
18910,5.0
18911,5.0
18912,6.0
18913,5.0
18914,5.0
18915,5.0
18916,5.0
18917,7.0
18918,5.0
18919,5.0
18920,6.0
18921,5.0
18922,5.0
18923,5.0
18924,5.0
18925,6.0
18926,5.0
18927,6.0
18928,6.0
18929,5.0
18930,6.0
18931,6.0
18932,6.0
18933,6.0
18934,5.0
18935,6.0
18936,5.0
18937,5.0
18938,7.0
18939,5.0
18940,7.0
18941,5.0
18942,5.0
18943,6.0
18944,7.0
18945,6.0
18946,5.0
18947,5.0
18948,6.0
18949,6.0
18950,7.0
18951,5.0
18952,5.0
18953,6.0
18954,6.0
18955,5.0
18956,6.0
18957,5.0
18958,6.0
18959,5.0
18960,6.0
18961,5.0
18962,5.0
18963,6.0
18964,5.0
18965,5.0
18966,7.0
18967,7.0
18968,6.0
18969,6.0
18970,6.0
18971,6.0
18972,5.0
18973,6.0
18974,6.0
18975,5.0
18976,5.0
18977,5.0
18978,5.0
18979,5.0
18980,6.0
18981,5.0
18982,5.0
18983,5.0
18984,6.0
18985,6.0
18986,7.0
18987,5.0
18988,6.0
18989,6.0
18990,6.0
18991,6.0
18992,6.0
18993,7.0
18994,5.0
18995,6.0
18996,5.0
18997,6.0
18998,5.0
18999,5.0
19000,6.0
19001,5.0
19002,5.0
19003,5.0
19004,6.0
19005,6.0
19006,5.0
19007,6.0
19008,6.0
19009,7.0
19010,5.0
19011,5.0
19012,6.0
19013,6.0
19014,5.0
19015,6.0
19016,7.0
19017,5.0
19018,5.0
19019,6.0
19020,6.0
19021,6.0
19022,5.0
19023,6.0
19024,6.0
19025,5.0
19026,5.0
19027,5.0
19028,6.0
19029,5.0
19030,6.0
19031,5.0
19032,5.0
19033,5.0
19034,5.0
19035,5.0
19036,5.0
19037,5.0
19038,5.0
19039,7.0
19040,5.0
19041,5.0
19042,5.0
19043,6.0
19044,5.0
19045,5.0
19046,7.0
19047,5.0
19048,5.0
19049,5.0
19050,5.0
19051,5.0
19052,5.0
19053,5.0
19054,5.0
19055,6.0
19056,5.0
19057,6.0
19058,6.0
19059,5.0
19060,6.0
19061,5.0
19062,6.0
19063,6.0
19064,6.0
19065,5.0
19066,7.0
19067,7.0
19068,5.0
19069,6.0
19070,6.0
19071,5.0
19072,6.0
19073,5.0
19074,5.0
19075,5.0
19076,5.0
19077,5.0
19078,5.0
19079,6.0
19080,6.0
19081,6.0
19082,6.0
19083,5.0
19084,5.0
19085,5.0
19086,6.0
19087,6.0
19088,5.0
19089,5.0
19090,6.0
19091,5.0
19092,5.0
19093,6.0
19094,6.0
19095,6.0
19096,6.0
19097,7.0
19098,6.0
19099,6.0
19100,5.0
19101,5.0
19102,5.0
19103,5.0
19104,5.0
19105,5.0
19106,6.0
19107,5.0
19108,6.0
19109,5.0
19110,6.0
19111,5.0
19112,6.0
19113,5.0
19114,5.0
19115,5.0
19116,6.0
19117,5.0
19118,5.0
19119,5.0
19120,6.0
19121,6.0
19122,6.0
19123,5.0
19124,6.0
19125,5.0
19126,6.0
19127,5.0
19128,6.0
19129,5.0
19130,6.0
19131,5.0
19132,6.0
19133,5.0
19134,7.0
19135,5.0
19136,5.0
19137,6.0
19138,5.0
19139,5.0
19140,6.0
19141,5.0
19142,6.0
19143,5.0
19144,6.0
19145,6.0
19146,5.0
19147,5.0
19148,6.0
19149,6.0
19150,5.0
19151,6.0
19152,6.0
19153,5.0
19154,6.0
19155,6.0
19156,5.0
19157,5.0
19158,5.0
19159,6.0
19160,5.0
19161,6.0
19162,5.0
19163,6.0
19164,5.0
19165,5.0
19166,5.0
19167,5.0
19168,6.0
19169,6.0
19170,6.0
19171,5.0
19172,5.0
19173,6.0
19174,6.0
19175,6.0
19176,5.0
19177,5.0
19178,5.0
19179,7.0
19180,5.0
19181,5.0
19182,6.0
19183,6.0
19184,6.0
19185,6.0
19186,5.0
19187,5.0
19188,5.0
19189,5.0
19190,5.0
19191,5.0
19192,6.0
19193,6.0
19194,5.0
19195,5.0
19196,6.0
19197,6.0
19198,5.0
19199,6.0
19200,6.0
19201,6.0
19202,5.0
19203,5.0
19204,7.0
19205,5.0
19206,6.0
19207,5.0
19208,5.0
19209,6.0
19210,5.0
19211,5.0
19212,7.0
19213,5.0
19214,5.0
19215,5.0
19216,6.0
19217,5.0
19218,5.0
19219,5.0
19220,5.0
19221,6.0
19222,6.0
19223,5.0
19224,6.0
19225,6.0
19226,5.0
19227,5.0
19228,5.0
19229,6.0
19230,6.0
19231,5.0
19232,5.0
19233,5.0
19234,6.0
19235,6.0
19236,6.0
19237,6.0
19238,5.0
19239,5.0
19240,5.0
19241,5.0
19242,5.0
19243,5.0
19244,6.0
19245,5.0
19246,5.0
19247,6.0
19248,6.0
19249,6.0
19250,5.0
19251,6.0
19252,6.0
19253,5.0
19254,6.0
19255,5.0
19256,5.0
19257,5.0
19258,5.0
19259,5.0
19260,5.0
19261,5.0
19262,5.0
19263,5.0
19264,6.0
19265,5.0
19266,5.0
19267,6.0
19268,7.0
19269,5.0
19270,5.0
19271,5.0
19272,5.0
19273,6.0
19274,5.0
19275,5.0
19276,5.0
19277,6.0
19278,5.0
19279,5.0
19280,5.0
19281,6.0
19282,5.0
19283,5.0
19284,5.0
19285,5.0
19286,5.0
19287,6.0
19288,6.0
19289,7.0
19290,5.0
19291,5.0
19292,5.0
19293,5.0
19294,6.0
19295,5.0
19296,5.0
19297,5.0
19298,5.0
19299,5.0
19300,6.0
19301,5.0
19302,6.0
19303,5.0
19304,5.0
19305,5.0
19306,6.0
19307,5.0
19308,5.0
19309,5.0
19310,6.0
19311,5.0
19312,5.0
19313,5.0
19314,6.0
19315,5.0
19316,7.0
19317,5.0
19318,6.0
19319,5.0
19320,5.0
19321,7.0
19322,5.0
19323,7.0
19324,5.0
19325,5.0
19326,5.0
19327,5.0
19328,7.0
19329,5.0
19330,5.0
19331,5.0
19332,6.0
19333,5.0
19334,6.0
19335,5.0
19336,5.0
19337,6.0
19338,6.0
19339,5.0
19340,6.0
19341,6.0
19342,6.0
19343,6.0
19344,5.0
19345,5.0
19346,5.0
19347,5.0
19348,6.0
19349,5.0
19350,5.0
19351,5.0
19352,5.0
19353,5.0
19354,5.0
19355,5.0
19356,6.0
19357,6.0
19358,6.0
19359,6.0
19360,5.0
19361,5.0
19362,5.0
19363,6.0
19364,5.0
19365,5.0
19366,5.0
19367,6.0
19368,5.0
19369,5.0
19370,5.0
19371,5.0
19372,5.0
19373,6.0
19374,5.0
19375,5.0
19376,5.0
19377,5.0
19378,6.0
19379,6.0
19380,6.0
19381,5.0
19382,6.0
19383,5.0
19384,5.0
19385,5.0
19386,5.0
19387,6.0
19388,5.0
19389,7.0
19390,5.0
19391,6.0
19392,6.0
19393,5.0
19394,6.0
19395,5.0
19396,5.0
19397,5.0
19398,6.0
19399,5.0
19400,5.0
19401,5.0
19402,6.0
19403,5.0
19404,6.0
19405,6.0
19406,6.0
19407,6.0
19408,6.0
19409,7.0
19410,5.0
19411,7.0
19412,5.0
19413,5.0
19414,5.0
19415,6.0
19416,6.0
19417,5.0
19418,5.0
19419,5.0
19420,6.0
19421,6.0
19422,5.0
19423,6.0
19424,5.0
19425,5.0
19426,6.0
19427,5.0
19428,6.0
19429,7.0
19430,5.0
19431,5.0
19432,6.0
19433,6.0
19434,5.0
19435,5.0
19436,5.0
19437,6.0
19438,5.0
19439,6.0
19440,6.0
19441,6.0
19442,5.0
19443,6.0
19444,5.0
19445,5.0
19446,5.0
19447,6.0
19448,6.0
19449,5.0
19450,5.0
19451,6.0
19452,6.0
19453,6.0
19454,5.0
19455,6.0
19456,5.0
19457,7.0
19458,6.0
19459,5.0
19460,5.0
19461,5.0
19462,6.0
19463,5.0
19464,6.0
19465,5.0
19466,6.0
19467,5.0
19468,5.0
19469,5.0
19470,6.0
19471,5.0
19472,6.0
19473,6.0
19474,5.0
19475,5.0
19476,5.0
19477,6.0
19478,5.0
19479,6.0
19480,5.0
19481,6.0
19482,6.0
19483,5.0
19484,7.0
19485,6.0
19486,5.0
19487,6.0
19488,6.0
19489,5.0
19490,5.0
19491,5.0
19492,5.0
19493,6.0
19494,6.0
19495,6.0
19496,5.0
19497,6.0
19498,6.0
19499,5.0
19500,6.0
19501,5.0
19502,5.0
19503,6.0
19504,5.0
19505,6.0
19506,6.0
19507,5.0
19508,6.0
19509,6.0
19510,6.0
19511,6.0
19512,5.0
19513,5.0
19514,6.0
19515,5.0
19516,7.0
19517,5.0
19518,5.0
19519,5.0
19520,6.0
19521,5.0
19522,6.0
19523,5.0
19524,6.0
19525,5.0
19526,6.0
19527,6.0
19528,5.0
19529,6.0
19530,5.0
19531,5.0
19532,6.0
19533,6.0
19534,5.0
19535,6.0
19536,5.0
19537,5.0
19538,6.0
19539,6.0
19540,6.0
19541,5.0
19542,5.0
19543,5.0
19544,6.0
19545,5.0
19546,5.0
19547,6.0
19548,6.0
19549,6.0
19550,6.0
19551,5.0
19552,5.0
19553,6.0
19554,6.0
19555,6.0
19556,5.0
19557,5.0
19558,5.0
19559,6.0
19560,6.0
19561,5.0
19562,6.0
19563,5.0
19564,5.0
19565,6.0
19566,5.0
19567,5.0
19568,6.0
19569,5.0
19570,6.0
19571,5.0
19572,6.0
19573,7.0
19574,5.0
19575,5.0
19576,6.0
19577,5.0
19578,5.0
19579,6.0
19580,5.0
19581,5.0
19582,5.0
19583,6.0
19584,5.0
19585,6.0
19586,5.0
19587,5.0
19588,7.0
19589,5.0
19590,5.0
19591,7.0
19592,5.0
19593,5.0
19594,6.0
19595,5.0
19596,5.0
19597,5.0
19598,6.0
19599,5.0
19600,7.0
19601,6.0
19602,6.0
19603,6.0
19604,5.0
19605,7.0
19606,6.0
19607,6.0
19608,6.0
19609,5.0
19610,6.0
19611,5.0
19612,5.0
19613,5.0
19614,5.0
19615,7.0
19616,7.0
19617,6.0
19618,6.0
19619,6.0
19620,6.0
19621,6.0
19622,7.0
19623,5.0
19624,5.0
19625,5.0
19626,5.0
19627,5.0
19628,6.0
19629,5.0
19630,7.0
19631,5.0
19632,5.0
19633,6.0
19634,5.0
19635,5.0
19636,6.0
19637,6.0
19638,5.0
19639,6.0
19640,5.0
19641,5.0
19642,6.0
19643,5.0
19644,5.0
19645,5.0
19646,5.0
19647,5.0
19648,5.0
19649,6.0
19650,5.0
19651,5.0
19652,5.0
19653,6.0
19654,5.0
19655,6.0
19656,7.0
19657,6.0
19658,6.0
19659,5.0
19660,6.0
19661,6.0
19662,5.0
19663,5.0
19664,5.0
19665,5.0
19666,6.0
19667,6.0
19668,6.0
19669,6.0
19670,5.0
19671,6.0
19672,5.0
19673,5.0
19674,6.0
19675,5.0
19676,6.0
19677,5.0
19678,6.0
19679,6.0
19680,5.0
19681,6.0
19682,5.0
19683,5.0
19684,6.0
19685,5.0
19686,6.0
19687,6.0
19688,7.0
19689,5.0
19690,6.0
19691,5.0
19692,5.0
19693,6.0
19694,5.0
19695,5.0
19696,5.0
19697,5.0
19698,6.0
19699,5.0
19700,5.0
19701,6.0
19702,5.0
19703,6.0
19704,6.0
19705,6.0
19706,5.0
19707,5.0
19708,5.0
19709,5.0
19710,7.0
19711,5.0
19712,6.0
19713,5.0
19714,5.0
19715,6.0
19716,6.0
19717,5.0
19718,5.0
19719,6.0
19720,5.0
19721,5.0
19722,6.0
19723,6.0
19724,5.0
19725,6.0
19726,5.0
19727,6.0
19728,6.0
19729,5.0
19730,5.0
19731,5.0
19732,5.0
19733,5.0
19734,6.0
19735,7.0
19736,6.0
19737,5.0
19738,6.0
19739,5.0
19740,5.0
19741,5.0
19742,6.0
19743,5.0
19744,6.0
19745,6.0
19746,7.0
19747,6.0
19748,5.0
19749,5.0
19750,5.0
19751,6.0
19752,5.0
19753,6.0
19754,6.0
19755,6.0
19756,5.0
19757,6.0
19758,5.0
19759,5.0
19760,5.0
19761,5.0
19762,5.0
19763,5.0
19764,5.0
19765,6.0
19766,6.0
19767,5.0
19768,6.0
19769,6.0
19770,6.0
19771,5.0
19772,6.0
19773,5.0
19774,5.0
19775,6.0
19776,5.0
19777,6.0
19778,6.0
19779,5.0
19780,5.0
19781,5.0
19782,6.0
19783,5.0
19784,5.0
19785,6.0
19786,6.0
19787,6.0
19788,5.0
19789,5.0
19790,5.0
19791,5.0
19792,6.0
19793,6.0
19794,6.0
19795,5.0
19796,6.0
19797,5.0
19798,6.0
19799,6.0
19800,6.0
19801,5.0
19802,6.0
19803,6.0
19804,5.0
19805,5.0
19806,6.0
19807,5.0
19808,5.0
19809,5.0
19810,5.0
19811,5.0
19812,6.0
19813,5.0
19814,6.0
19815,6.0
19816,5.0
19817,5.0
19818,5.0
19819,5.0
19820,5.0
19821,5.0
19822,5.0
19823,6.0
19824,6.0
19825,6.0
19826,6.0
19827,6.0
19828,6.0
19829,5.0
19830,6.0
19831,6.0
19832,6.0
19833,5.0
19834,6.0
19835,5.0
19836,6.0
19837,6.0
19838,5.0
19839,6.0
19840,5.0
19841,5.0
19842,5.0
19843,5.0
19844,6.0
19845,6.0
19846,5.0
19847,5.0
19848,6.0
19849,6.0
19850,6.0
19851,5.0
19852,6.0
19853,6.0
19854,6.0
19855,5.0
19856,6.0
19857,5.0
19858,5.0
19859,5.0
19860,5.0
19861,5.0
19862,6.0
19863,5.0
19864,6.0
19865,5.0
19866,5.0
19867,5.0
19868,5.0
19869,5.0
19870,5.0
19871,6.0
19872,6.0
19873,5.0
19874,5.0
19875,5.0
19876,7.0
19877,5.0
19878,5.0
19879,5.0
19880,6.0
19881,6.0
19882,5.0
19883,6.0
19884,6.0
19885,5.0
19886,5.0
19887,5.0
19888,5.0
19889,5.0
19890,5.0
19891,5.0
19892,6.0
19893,7.0
19894,6.0
19895,6.0
19896,6.0
19897,7.0
19898,6.0
19899,5.0
19900,5.0
19901,6.0
19902,6.0
19903,6.0
19904,5.0
19905,5.0
19906,5.0
19907,6.0
19908,6.0
19909,6.0
19910,5.0
19911,5.0
19912,6.0
19913,5.0
19914,5.0
19915,5.0
19916,5.0
19917,6.0
19918,5.0
19919,5.0
19920,7.0
19921,5.0
19922,6.0
19923,5.0
19924,6.0
19925,5.0
19926,6.0
19927,6.0
19928,5.0
19929,6.0
19930,6.0
19931,6.0
19932,5.0
19933,5.0
19934,5.0
19935,5.0
19936,5.0
19937,6.0
19938,5.0
19939,5.0
19940,5.0
19941,6.0
19942,5.0
19943,6.0
19944,5.0
19945,6.0
19946,5.0
19947,5.0
19948,6.0
19949,6.0
19950,5.0
19951,5.0
19952,6.0
19953,5.0
19954,6.0
19955,5.0
19956,5.0
19957,5.0
19958,6.0
19959,5.0
19960,6.0
19961,5.0
19962,6.0
19963,6.0
19964,5.0
19965,5.0
19966,6.0
19967,5.0
19968,5.0
19969,5.0
19970,6.0
19971,6.0
19972,6.0
19973,6.0
19974,5.0
19975,6.0
19976,7.0
19977,5.0
19978,7.0
19979,5.0
19980,5.0
19981,6.0
19982,6.0
19983,6.0
19984,6.0
19985,5.0
19986,5.0
19987,5.0
19988,7.0
19989,5.0
19990,6.0
19991,7.0
19992,5.0
19993,5.0
19994,6.0
19995,6.0
19996,5.0
19997,5.0
19998,6.0
19999,5.0
20000,5.0
20001,5.0
20002,5.0
20003,6.0
20004,5.0
20005,5.0
20006,6.0
20007,6.0
20008,5.0
20009,6.0
20010,5.0
20011,5.0
20012,6.0
20013,5.0
20014,6.0
20015,6.0
20016,5.0
20017,5.0
20018,5.0
20019,6.0
20020,5.0
20021,6.0
20022,7.0
20023,5.0
20024,6.0
20025,6.0
20026,6.0
20027,5.0
20028,6.0
20029,6.0
20030,5.0
20031,5.0
20032,5.0
20033,6.0
20034,5.0
20035,6.0
20036,5.0
20037,5.0
20038,6.0
20039,5.0
20040,5.0
20041,6.0
20042,5.0
20043,6.0
20044,6.0
20045,6.0
20046,6.0
20047,5.0
20048,6.0
20049,5.0
20050,5.0
20051,6.0
20052,6.0
20053,6.0
20054,6.0
20055,6.0
20056,6.0
20057,6.0
20058,5.0
20059,6.0
20060,5.0
20061,5.0
20062,6.0
20063,5.0
20064,5.0
20065,6.0
20066,5.0
20067,7.0
20068,5.0
20069,5.0
20070,5.0
20071,6.0
20072,5.0
20073,5.0
20074,6.0
20075,7.0
20076,5.0
20077,6.0
20078,5.0
20079,5.0
20080,5.0
20081,6.0
20082,5.0
20083,6.0
20084,7.0
20085,5.0
20086,6.0
20087,5.0
20088,7.0
20089,5.0
20090,5.0
20091,6.0
20092,5.0
20093,6.0
20094,5.0
20095,5.0
20096,5.0
20097,5.0
20098,5.0
20099,5.0
20100,5.0
20101,6.0
20102,5.0
20103,5.0
20104,6.0
20105,6.0
20106,6.0
20107,5.0
20108,7.0
20109,5.0
20110,5.0
20111,5.0
20112,5.0
20113,5.0
20114,5.0
20115,6.0
20116,5.0
20117,5.0
20118,6.0
20119,5.0
20120,6.0
20121,5.0
20122,6.0
20123,6.0
20124,5.0
20125,6.0
20126,6.0
20127,5.0
20128,5.0
20129,5.0
20130,5.0
20131,5.0
20132,5.0
20133,5.0
20134,5.0
20135,5.0
20136,6.0
20137,5.0
20138,5.0
20139,5.0
20140,6.0
20141,5.0
20142,6.0
20143,6.0
20144,5.0
20145,7.0
20146,6.0
20147,5.0
20148,6.0
20149,6.0
20150,6.0
20151,5.0
20152,6.0
20153,5.0
20154,5.0
20155,6.0
20156,6.0
20157,5.0
20158,6.0
20159,5.0
20160,6.0
20161,6.0
20162,5.0
20163,6.0
20164,5.0
20165,6.0
20166,6.0
20167,5.0
20168,5.0
20169,5.0
20170,5.0
20171,5.0
20172,7.0
20173,6.0
20174,5.0
20175,5.0
20176,5.0
20177,6.0
20178,6.0
20179,6.0
20180,5.0
20181,5.0
20182,6.0
20183,6.0
20184,5.0
20185,5.0
20186,5.0
20187,6.0
20188,5.0
20189,5.0
20190,5.0
20191,6.0
20192,5.0
20193,5.0
20194,5.0
20195,6.0
20196,5.0
20197,5.0
20198,5.0
20199,6.0
20200,5.0
20201,5.0
20202,6.0
20203,5.0
20204,5.0
20205,6.0
20206,5.0
20207,5.0
20208,7.0
20209,6.0
20210,5.0
20211,5.0
20212,5.0
20213,6.0
20214,5.0
20215,5.0
20216,6.0
20217,5.0
20218,6.0
20219,5.0
20220,5.0
20221,5.0
20222,6.0
20223,6.0
20224,5.0
20225,6.0
20226,5.0
20227,5.0
20228,6.0
20229,5.0
20230,6.0
20231,5.0
20232,5.0
20233,5.0
20234,6.0
20235,7.0
20236,5.0
20237,5.0
20238,5.0
20239,7.0
20240,5.0
20241,6.0
20242,5.0
20243,5.0
20244,7.0
20245,6.0
20246,6.0
20247,5.0
20248,5.0
20249,6.0
20250,6.0
20251,5.0
20252,6.0
20253,5.0
20254,6.0
20255,5.0
20256,5.0
20257,5.0
20258,5.0
20259,5.0
20260,5.0
20261,5.0
20262,6.0
20263,5.0
20264,5.0
20265,5.0
20266,5.0
20267,5.0
20268,5.0
20269,5.0
20270,6.0
20271,6.0
20272,5.0
20273,5.0
20274,5.0
20275,6.0
20276,5.0
20277,5.0
20278,5.0
20279,6.0
20280,5.0
20281,5.0
20282,5.0
20283,5.0
20284,5.0
20285,6.0
20286,6.0
20287,6.0
20288,6.0
20289,6.0
20290,5.0
20291,6.0
20292,5.0
20293,6.0
20294,5.0
20295,5.0
20296,6.0
20297,6.0
20298,6.0
20299,5.0
20300,6.0
20301,5.0
20302,6.0
20303,5.0
20304,6.0
20305,5.0
20306,5.0
20307,6.0
20308,7.0
20309,6.0
20310,6.0
20311,5.0
20312,5.0
20313,7.0
20314,5.0
20315,5.0
20316,5.0
20317,5.0
20318,6.0
20319,6.0
20320,6.0
20321,5.0
20322,6.0
20323,5.0
20324,5.0
20325,5.0
20326,5.0
20327,7.0
20328,5.0
20329,5.0
20330,5.0
20331,5.0
20332,5.0
20333,6.0
20334,6.0
20335,5.0
20336,6.0
20337,5.0
20338,5.0
20339,5.0
20340,6.0
20341,6.0
20342,5.0
20343,5.0
20344,6.0
20345,5.0
20346,5.0
20347,5.0
20348,7.0
20349,5.0
20350,6.0
20351,5.0
20352,5.0
20353,5.0
20354,6.0
20355,6.0
20356,6.0
20357,5.0
20358,5.0
20359,7.0
20360,5.0
20361,6.0
20362,5.0
20363,5.0
20364,6.0
20365,6.0
20366,5.0
20367,6.0
20368,6.0
20369,5.0
20370,5.0
20371,5.0
20372,6.0
20373,5.0
20374,5.0
20375,6.0
20376,5.0
20377,6.0
20378,6.0
20379,6.0
20380,6.0
20381,6.0
20382,6.0
20383,6.0
20384,5.0
20385,5.0
20386,5.0
20387,5.0
20388,5.0
20389,5.0
20390,5.0
20391,6.0
20392,5.0
20393,5.0
20394,6.0
20395,5.0
20396,6.0
20397,6.0
20398,6.0
20399,5.0
20400,6.0
20401,6.0
20402,5.0
20403,6.0
20404,6.0
20405,6.0
20406,5.0
20407,5.0
20408,5.0
20409,5.0
20410,5.0
20411,5.0
20412,5.0
20413,6.0
20414,6.0
20415,5.0
20416,5.0
20417,6.0
20418,5.0
20419,5.0
20420,6.0
20421,6.0
20422,6.0
20423,5.0
20424,5.0
20425,5.0
20426,5.0
20427,5.0
20428,5.0
20429,6.0
20430,5.0
20431,5.0
20432,6.0
20433,6.0
20434,5.0
20435,5.0
20436,5.0
20437,6.0
20438,6.0
20439,6.0
20440,5.0
20441,5.0
20442,5.0
20443,5.0
20444,5.0
20445,5.0
20446,6.0
20447,5.0
20448,5.0
20449,6.0
20450,5.0
20451,5.0
20452,5.0
20453,5.0
20454,5.0
20455,5.0
20456,5.0
20457,5.0
20458,5.0
20459,6.0
20460,5.0
20461,6.0
20462,5.0
20463,5.0
20464,6.0
20465,6.0
20466,6.0
20467,6.0
20468,6.0
20469,5.0
20470,6.0
20471,6.0
20472,6.0
20473,7.0
20474,6.0
20475,5.0
20476,6.0
20477,6.0
20478,6.0
20479,6.0
20480,7.0
20481,6.0
20482,5.0
20483,5.0
20484,6.0
20485,5.0
20486,5.0
20487,6.0
20488,6.0
20489,5.0
20490,7.0
20491,5.0
20492,6.0
20493,5.0
20494,5.0
20495,5.0
20496,5.0
20497,6.0
20498,5.0
20499,6.0
20500,6.0
20501,5.0
20502,6.0
20503,5.0
20504,6.0
20505,6.0
20506,6.0
20507,6.0
20508,5.0
20509,6.0
20510,5.0
20511,6.0
20512,6.0
20513,7.0
20514,5.0
20515,6.0
20516,6.0
20517,5.0
20518,6.0
20519,6.0
20520,5.0
20521,5.0
20522,5.0
20523,5.0
20524,5.0
20525,5.0
20526,5.0
20527,5.0
20528,5.0
20529,6.0
20530,6.0
20531,5.0
20532,6.0
20533,6.0
20534,5.0
20535,5.0
20536,6.0
20537,7.0
20538,5.0
20539,5.0
20540,6.0
20541,6.0
20542,6.0
20543,6.0
20544,6.0
20545,5.0
20546,6.0
20547,5.0
20548,6.0
20549,5.0
20550,6.0
20551,6.0
20552,6.0
20553,6.0
20554,5.0
20555,5.0
20556,6.0
20557,6.0
20558,6.0
20559,6.0
20560,5.0
20561,5.0
20562,6.0
20563,6.0
20564,5.0
20565,5.0
20566,5.0
20567,5.0
20568,6.0
20569,6.0
20570,6.0
20571,6.0
20572,5.0
20573,6.0
20574,5.0
20575,5.0
20576,6.0
20577,5.0
20578,6.0
20579,6.0
20580,7.0
20581,5.0
20582,6.0
20583,6.0
20584,5.0
20585,6.0
20586,5.0
20587,5.0
20588,5.0
20589,6.0
20590,6.0
20591,6.0
20592,5.0
20593,5.0
20594,5.0
20595,6.0
20596,5.0
20597,6.0
20598,6.0
20599,5.0
20600,6.0
20601,6.0
20602,6.0
20603,5.0
20604,5.0
20605,6.0
20606,5.0
20607,5.0
20608,5.0
20609,6.0
20610,5.0
20611,5.0
20612,5.0
20613,5.0
20614,5.0
20615,6.0
20616,5.0
20617,5.0
20618,6.0
20619,5.0
20620,5.0
20621,6.0
20622,6.0
20623,6.0
20624,6.0
20625,5.0
20626,5.0
20627,5.0
20628,6.0
20629,6.0
20630,5.0
20631,5.0
20632,6.0
20633,5.0
20634,6.0
20635,6.0
20636,6.0
20637,6.0
20638,6.0
20639,6.0
20640,6.0
20641,5.0
20642,5.0
20643,5.0
20644,5.0
20645,5.0
20646,6.0
20647,7.0
20648,6.0
20649,6.0
20650,5.0
20651,6.0
20652,6.0
20653,5.0
20654,5.0
20655,5.0
20656,5.0
20657,6.0
20658,6.0
20659,6.0
20660,5.0
20661,6.0
20662,5.0
20663,5.0
20664,6.0
20665,5.0
20666,6.0
20667,6.0
20668,6.0
20669,5.0
20670,5.0
20671,6.0
20672,6.0
20673,5.0
20674,5.0
20675,6.0
20676,6.0
20677,7.0
20678,5.0
20679,5.0
20680,6.0
20681,6.0
20682,6.0
20683,6.0
20684,6.0
20685,6.0
20686,6.0
20687,6.0
20688,6.0
20689,5.0
20690,5.0
20691,6.0
20692,6.0
20693,6.0
20694,5.0
20695,5.0
20696,5.0
20697,5.0
20698,5.0
20699,6.0
20700,5.0
20701,6.0
20702,6.0
20703,6.0
20704,5.0
20705,5.0
20706,5.0
20707,6.0
20708,6.0
20709,5.0
20710,5.0
20711,6.0
20712,5.0
20713,5.0
20714,6.0
20715,5.0
20716,6.0
20717,5.0
20718,5.0
20719,6.0
20720,5.0
20721,5.0
20722,5.0
20723,5.0
20724,5.0
20725,5.0
20726,6.0
20727,5.0
20728,5.0
20729,5.0
20730,5.0
20731,6.0
20732,6.0
20733,5.0
20734,5.0
20735,6.0
20736,5.0
20737,6.0
20738,5.0
20739,6.0
20740,6.0
20741,5.0
20742,5.0
20743,5.0
20744,5.0
20745,6.0
20746,5.0
20747,5.0
20748,6.0
20749,5.0
20750,5.0
20751,5.0
20752,5.0
20753,5.0
20754,7.0
20755,6.0
20756,5.0
20757,5.0
20758,6.0
20759,5.0
20760,6.0
20761,6.0
20762,5.0
20763,6.0
20764,6.0
20765,6.0
20766,5.0
20767,6.0
20768,5.0
20769,6.0
20770,6.0
20771,6.0
20772,5.0
20773,6.0
20774,6.0
20775,6.0
20776,5.0
20777,5.0
20778,6.0
20779,6.0
20780,6.0
20781,5.0
20782,6.0
20783,5.0
20784,5.0
20785,5.0
20786,6.0
20787,5.0
20788,5.0
20789,6.0
20790,5.0
20791,5.0
20792,5.0
20793,5.0
20794,6.0
20795,5.0
20796,6.0
20797,5.0
20798,6.0
20799,6.0
20800,5.0
20801,5.0
20802,6.0
20803,6.0
20804,5.0
20805,6.0
20806,7.0
20807,5.0
20808,6.0
20809,5.0
20810,5.0
20811,5.0
20812,5.0
20813,6.0
20814,5.0
20815,5.0
20816,5.0
20817,6.0
20818,5.0
20819,5.0
20820,6.0
20821,5.0
20822,6.0
20823,6.0
20824,5.0
20825,5.0
20826,6.0
20827,5.0
20828,5.0
20829,5.0
20830,6.0
20831,6.0
20832,6.0
20833,6.0
20834,5.0
20835,5.0
20836,5.0
20837,5.0
20838,5.0
20839,6.0
20840,6.0
20841,5.0
20842,5.0
20843,5.0
20844,5.0
20845,6.0
20846,5.0
20847,5.0
20848,6.0
20849,5.0
20850,5.0
20851,5.0
20852,5.0
20853,5.0
20854,5.0
20855,6.0
20856,5.0
20857,6.0
20858,5.0
20859,5.0
20860,5.0
20861,5.0
20862,6.0
20863,6.0
20864,5.0
20865,6.0
20866,5.0
20867,6.0
20868,6.0
20869,5.0
20870,5.0
20871,7.0
20872,6.0
20873,5.0
20874,6.0
20875,6.0
20876,5.0
20877,5.0
20878,5.0
20879,5.0
20880,5.0
20881,6.0
20882,6.0
20883,6.0
20884,5.0
20885,6.0
20886,6.0
20887,5.0
20888,6.0
20889,6.0
20890,6.0
20891,6.0
20892,5.0
20893,5.0
20894,6.0
20895,5.0
20896,6.0
20897,5.0
20898,6.0
20899,5.0
20900,5.0
20901,5.0
20902,5.0
20903,6.0
20904,5.0
20905,5.0
20906,5.0
20907,6.0
20908,5.0
20909,5.0
20910,5.0
20911,6.0
20912,7.0
20913,6.0
20914,5.0
20915,6.0
20916,6.0
20917,5.0
20918,5.0
20919,5.0
20920,6.0
20921,5.0
20922,5.0
20923,5.0
20924,5.0
20925,5.0
20926,6.0
20927,6.0
20928,5.0
20929,5.0
20930,5.0
20931,5.0
20932,6.0
20933,5.0
20934,5.0
20935,6.0
20936,6.0
20937,5.0
20938,5.0
20939,6.0
20940,5.0
20941,6.0
20942,6.0
20943,5.0
20944,5.0
20945,6.0
20946,5.0
20947,6.0
20948,5.0
20949,6.0
20950,6.0
20951,5.0
20952,6.0
20953,6.0
20954,6.0
20955,5.0
20956,7.0
20957,6.0
20958,5.0
20959,5.0
20960,5.0
20961,6.0
20962,7.0
20963,6.0
20964,6.0
20965,5.0
20966,6.0
20967,6.0
20968,5.0
20969,6.0
20970,5.0
20971,7.0
20972,5.0
20973,6.0
20974,6.0
20975,6.0
20976,5.0
20977,6.0
20978,5.0
20979,6.0
20980,5.0
20981,6.0
20982,5.0
20983,5.0
20984,6.0
20985,5.0
20986,6.0
20987,5.0
20988,6.0
20989,6.0
20990,5.0
20991,5.0
20992,6.0
20993,6.0
20994,5.0
20995,5.0
20996,6.0
20997,5.0
20998,6.0
20999,6.0
21000,6.0
21001,6.0
21002,5.0
21003,5.0
21004,6.0
21005,6.0
21006,6.0
21007,6.0
21008,5.0
21009,5.0
21010,6.0
21011,6.0
21012,6.0
21013,5.0
21014,5.0
21015,6.0
21016,6.0
21017,5.0
21018,5.0
21019,5.0
21020,6.0
21021,5.0
21022,5.0
21023,6.0
21024,6.0
21025,5.0
21026,6.0
21027,6.0
21028,5.0
21029,5.0
21030,5.0
21031,5.0
21032,5.0
21033,6.0
21034,5.0
21035,5.0
21036,7.0
21037,5.0
21038,5.0
21039,5.0
21040,7.0
21041,5.0
21042,5.0
21043,6.0
21044,6.0
21045,5.0
21046,6.0
21047,6.0
21048,5.0
21049,6.0
21050,5.0
21051,6.0
21052,6.0
21053,6.0
21054,5.0
21055,5.0
21056,5.0
21057,6.0
21058,5.0
21059,5.0
21060,5.0
21061,6.0
21062,5.0
21063,5.0
21064,5.0
21065,5.0
21066,5.0
21067,5.0
21068,5.0
21069,6.0
21070,5.0
21071,6.0
21072,5.0
21073,6.0
21074,6.0
21075,6.0
21076,5.0
21077,5.0
21078,5.0
21079,5.0
21080,5.0
21081,5.0
21082,6.0
21083,5.0
21084,5.0
21085,7.0
21086,6.0
21087,6.0
21088,7.0
21089,6.0
21090,5.0
21091,6.0
21092,6.0
21093,5.0
21094,5.0
21095,5.0
21096,6.0
21097,5.0
21098,5.0
21099,5.0
21100,5.0
21101,5.0
21102,5.0
21103,6.0
21104,5.0
21105,5.0
21106,5.0
21107,6.0
21108,6.0
21109,6.0
21110,6.0
21111,5.0
21112,5.0
21113,7.0
21114,5.0
21115,6.0
21116,7.0
21117,5.0
21118,5.0
21119,5.0
21120,7.0
21121,5.0
21122,6.0
21123,5.0
21124,6.0
21125,5.0
21126,5.0
21127,6.0
21128,6.0
21129,6.0
21130,5.0
21131,5.0
21132,6.0
21133,5.0
21134,6.0
21135,5.0
21136,5.0
21137,6.0
21138,5.0
21139,5.0
21140,5.0
21141,6.0
21142,6.0
21143,6.0
21144,5.0
21145,5.0
21146,6.0
21147,5.0
21148,5.0
21149,6.0
21150,6.0
21151,6.0
21152,6.0
21153,5.0
21154,5.0
21155,5.0
21156,5.0
21157,6.0
21158,6.0
21159,5.0
21160,5.0
21161,5.0
21162,5.0
21163,7.0
21164,5.0
21165,5.0
21166,5.0
21167,5.0
21168,6.0
21169,6.0
21170,5.0
21171,6.0
21172,6.0
21173,5.0
21174,5.0
21175,6.0
21176,6.0
21177,6.0
21178,5.0
21179,5.0
21180,6.0
21181,6.0
21182,5.0
21183,5.0
21184,5.0
21185,5.0
21186,5.0
21187,6.0
21188,6.0
21189,5.0
21190,6.0
21191,6.0
21192,5.0
21193,5.0
21194,6.0
21195,6.0
21196,5.0
21197,6.0
21198,6.0
21199,5.0
21200,5.0
21201,5.0
21202,5.0
21203,6.0
21204,5.0
21205,5.0
21206,6.0
21207,5.0
21208,5.0
21209,5.0
21210,5.0
21211,5.0
21212,6.0
21213,5.0
21214,6.0
21215,5.0
21216,6.0
21217,6.0
21218,5.0
21219,6.0
21220,6.0
21221,6.0
21222,5.0
21223,6.0
21224,5.0
21225,5.0
21226,6.0
21227,5.0
21228,6.0
21229,6.0
21230,5.0
21231,5.0
21232,5.0
21233,6.0
21234,6.0
21235,6.0
21236,5.0
21237,5.0
21238,5.0
21239,5.0
21240,6.0
21241,5.0
21242,6.0
21243,6.0
21244,5.0
21245,6.0
21246,5.0
21247,5.0
21248,5.0
21249,6.0
21250,5.0
21251,5.0
21252,5.0
21253,6.0
21254,5.0
21255,6.0
21256,6.0
21257,5.0
21258,7.0
21259,7.0
21260,6.0
21261,5.0
21262,5.0
21263,6.0
21264,5.0
21265,6.0
21266,6.0
21267,5.0
21268,5.0
21269,6.0
21270,5.0
21271,6.0
21272,5.0
21273,5.0
21274,6.0
21275,6.0
21276,6.0
21277,5.0
21278,6.0
21279,5.0
21280,6.0
21281,7.0
21282,6.0
21283,7.0
21284,6.0
21285,5.0
21286,5.0
21287,5.0
21288,5.0
21289,5.0
21290,5.0
21291,6.0
21292,5.0
21293,5.0
21294,5.0
21295,5.0
21296,6.0
21297,7.0
21298,6.0
21299,6.0
21300,5.0
21301,5.0
21302,6.0
21303,6.0
21304,6.0
21305,6.0
21306,5.0
21307,6.0
21308,6.0
21309,5.0
21310,5.0
21311,5.0
21312,5.0
21313,5.0
21314,6.0
21315,5.0
21316,5.0
21317,6.0
21318,5.0
21319,7.0
21320,5.0
21321,5.0
21322,6.0
21323,6.0
21324,5.0
21325,6.0
21326,5.0
21327,5.0
21328,6.0
21329,6.0
21330,5.0
21331,5.0
21332,5.0
21333,5.0
21334,5.0
21335,6.0
21336,5.0
21337,6.0
21338,5.0
21339,5.0
21340,5.0
21341,5.0
21342,5.0
21343,6.0
21344,6.0
21345,5.0
21346,5.0
21347,6.0
21348,5.0
21349,5.0
21350,5.0
21351,6.0
21352,6.0
21353,6.0
21354,5.0
21355,5.0
21356,5.0
21357,6.0
21358,5.0
21359,6.0
21360,5.0
21361,7.0
21362,5.0
21363,5.0
21364,5.0
21365,7.0
21366,5.0
21367,5.0
21368,5.0
21369,6.0
21370,5.0
21371,5.0
21372,6.0
21373,5.0
21374,5.0
21375,6.0
21376,5.0
21377,6.0
21378,6.0
21379,5.0
21380,6.0
21381,5.0
21382,6.0
21383,5.0
21384,5.0
21385,7.0
21386,6.0
21387,5.0
21388,5.0
21389,6.0
21390,6.0
21391,5.0
21392,5.0
21393,6.0
21394,6.0
21395,5.0
21396,6.0
21397,6.0
21398,5.0
21399,6.0
21400,5.0
21401,5.0
21402,6.0
21403,7.0
21404,5.0
21405,5.0
21406,6.0
21407,6.0
21408,6.0
21409,6.0
21410,6.0
21411,5.0
21412,6.0
21413,6.0
21414,6.0
21415,6.0
21416,5.0
21417,6.0
21418,5.0
21419,6.0
21420,5.0
21421,6.0
21422,5.0
21423,5.0
21424,6.0
21425,5.0
21426,6.0
21427,5.0
21428,6.0
21429,6.0
21430,5.0
21431,6.0
21432,5.0
21433,6.0
21434,5.0
21435,6.0
21436,6.0
21437,5.0
21438,5.0
21439,6.0
21440,5.0
21441,6.0
21442,6.0
21443,5.0
21444,5.0
21445,5.0
21446,5.0
21447,5.0
21448,5.0
21449,5.0
21450,5.0
21451,5.0
21452,5.0
21453,7.0
21454,5.0
21455,5.0
21456,5.0
21457,6.0
21458,5.0
21459,5.0
21460,5.0
21461,5.0
21462,5.0
21463,6.0
21464,5.0
21465,5.0
21466,5.0
21467,5.0
21468,5.0
21469,5.0
21470,5.0
21471,6.0
21472,5.0
21473,5.0
21474,6.0
21475,6.0
21476,5.0
21477,5.0
21478,5.0
21479,6.0
21480,6.0
21481,6.0
21482,6.0
21483,5.0
21484,6.0
21485,6.0
21486,5.0
21487,6.0
21488,5.0
21489,5.0
21490,6.0
21491,6.0
21492,5.0
21493,6.0
21494,5.0
21495,5.0
21496,6.0
21497,5.0
21498,5.0
21499,6.0
21500,5.0
21501,5.0
21502,6.0
21503,5.0
21504,6.0
21505,5.0
21506,5.0
21507,6.0
21508,5.0
21509,6.0
21510,6.0
21511,5.0
21512,5.0
21513,5.0
21514,6.0
21515,5.0
21516,5.0
21517,7.0
21518,5.0
21519,5.0
21520,6.0
21521,5.0
21522,5.0
21523,6.0
21524,5.0
21525,5.0
21526,5.0
21527,7.0
21528,5.0
21529,6.0
21530,5.0
21531,5.0
21532,6.0
21533,5.0
21534,5.0
21535,6.0
21536,5.0
21537,6.0
21538,6.0
21539,5.0
21540,5.0
21541,5.0
21542,6.0
21543,5.0
21544,6.0
21545,6.0
21546,6.0
21547,5.0
21548,5.0
21549,5.0
21550,5.0
21551,5.0
21552,5.0
21553,5.0
21554,5.0
21555,5.0
21556,5.0
21557,5.0
21558,6.0
21559,5.0
21560,6.0
21561,5.0
21562,5.0
21563,5.0
21564,6.0
21565,6.0
21566,6.0
21567,6.0
21568,6.0
21569,5.0
21570,5.0
21571,5.0
21572,5.0
21573,5.0
21574,7.0
21575,5.0
21576,6.0
21577,6.0
21578,5.0
21579,5.0
21580,6.0
21581,5.0
21582,5.0
21583,5.0
21584,6.0
21585,6.0
21586,5.0
21587,6.0
21588,7.0
21589,6.0
21590,5.0
21591,6.0
21592,5.0
21593,7.0
21594,6.0
21595,5.0
21596,7.0
21597,6.0
21598,5.0
21599,6.0
21600,5.0
21601,5.0
21602,6.0
21603,5.0
21604,6.0
21605,6.0
21606,5.0
21607,5.0
21608,5.0
21609,5.0
21610,6.0
21611,5.0
21612,6.0
21613,5.0
21614,6.0
21615,5.0
21616,5.0
21617,5.0
21618,5.0
21619,5.0
21620,6.0
21621,5.0
21622,6.0
21623,7.0
21624,6.0
21625,6.0
21626,6.0
21627,6.0
21628,5.0
21629,5.0
21630,6.0
21631,6.0
21632,5.0
21633,6.0
21634,6.0
21635,6.0
21636,5.0
21637,5.0
21638,6.0
21639,5.0
21640,5.0
21641,5.0
21642,5.0
21643,5.0
21644,5.0
21645,6.0
21646,6.0
21647,6.0
21648,6.0
21649,6.0
21650,5.0
21651,5.0
21652,6.0
21653,5.0
21654,5.0
21655,5.0
21656,6.0
21657,5.0
21658,6.0
21659,5.0
21660,5.0
21661,5.0
21662,6.0
21663,6.0
21664,5.0
21665,6.0
21666,5.0
21667,5.0
21668,6.0
21669,5.0
21670,6.0
21671,6.0
21672,5.0
21673,5.0
21674,6.0
21675,5.0
21676,6.0
21677,6.0
21678,6.0
21679,5.0
21680,6.0
21681,5.0
21682,6.0
21683,5.0
21684,5.0
21685,5.0
21686,5.0
21687,5.0
21688,6.0
21689,6.0
21690,6.0
21691,5.0
21692,6.0
21693,5.0
21694,5.0
21695,5.0
21696,5.0
21697,6.0
21698,6.0
21699,5.0
21700,5.0
21701,5.0
21702,5.0
21703,6.0
21704,6.0
21705,5.0
21706,6.0
21707,5.0
21708,6.0
21709,5.0
21710,5.0
21711,5.0
21712,5.0
21713,6.0
21714,6.0
21715,5.0
21716,5.0
21717,5.0
21718,6.0
21719,6.0
21720,6.0
21721,6.0
21722,5.0
21723,6.0
21724,6.0
21725,6.0
21726,7.0
21727,6.0
21728,6.0
21729,5.0
21730,5.0
21731,6.0
21732,5.0
21733,5.0
21734,6.0
21735,6.0
21736,6.0
21737,5.0
21738,6.0
21739,6.0
21740,5.0
21741,6.0
21742,6.0
21743,6.0
21744,5.0
21745,5.0
21746,6.0
21747,6.0
21748,6.0
21749,5.0
21750,5.0
21751,6.0
21752,6.0
21753,5.0
21754,5.0
21755,5.0
21756,5.0
21757,6.0
21758,6.0
21759,6.0
21760,6.0
21761,6.0
21762,6.0
21763,6.0
21764,7.0
21765,5.0
21766,6.0
21767,5.0
21768,5.0
21769,5.0
21770,5.0
21771,5.0
21772,5.0
21773,5.0
21774,5.0
21775,7.0
21776,5.0
21777,5.0
21778,5.0
21779,5.0
21780,5.0
21781,5.0
21782,6.0
21783,5.0
21784,6.0
21785,6.0
21786,6.0
21787,6.0
21788,5.0
21789,6.0
21790,6.0
21791,6.0
21792,6.0
21793,5.0
21794,5.0
21795,6.0
21796,5.0
21797,6.0
21798,5.0
21799,6.0
21800,5.0
21801,6.0
21802,6.0
21803,5.0
21804,5.0
21805,5.0
21806,6.0
21807,5.0
21808,6.0
21809,6.0
21810,5.0
21811,6.0
21812,5.0
21813,5.0
21814,5.0
21815,5.0
21816,6.0
21817,5.0
21818,5.0
21819,5.0
21820,6.0
21821,6.0
21822,6.0
21823,5.0
21824,6.0
21825,5.0
21826,6.0
21827,6.0
21828,5.0
21829,6.0
21830,5.0
21831,5.0
21832,6.0
21833,5.0
21834,5.0
21835,5.0
21836,6.0
21837,5.0
21838,5.0
21839,6.0
21840,6.0
21841,5.0
21842,6.0
21843,5.0
21844,6.0
21845,6.0
21846,5.0
21847,5.0
21848,6.0
21849,5.0
21850,5.0
21851,6.0
21852,5.0
21853,6.0
21854,6.0
21855,6.0
21856,5.0
21857,5.0
21858,6.0
21859,6.0
21860,6.0
21861,6.0
21862,5.0
21863,6.0
21864,6.0
21865,6.0
21866,5.0
21867,6.0
21868,5.0
21869,5.0
21870,6.0
21871,6.0
21872,6.0
21873,6.0
21874,5.0
21875,6.0
21876,5.0
21877,5.0
21878,6.0
21879,6.0
21880,5.0
21881,5.0
21882,6.0
21883,5.0
21884,5.0
21885,5.0
21886,7.0
21887,5.0
21888,5.0
21889,5.0
21890,5.0
21891,5.0
21892,5.0
21893,5.0
21894,5.0
21895,6.0
21896,5.0
21897,5.0
21898,5.0
21899,7.0
21900,5.0
21901,5.0
21902,6.0
21903,6.0
21904,6.0
21905,6.0
21906,5.0
21907,5.0
21908,5.0
21909,6.0
21910,5.0
21911,5.0
21912,5.0
21913,5.0
21914,6.0
21915,5.0
21916,6.0
21917,5.0
21918,6.0
21919,5.0
21920,6.0
21921,5.0
21922,5.0
21923,5.0
21924,5.0
21925,6.0
21926,5.0
21927,5.0
21928,5.0
21929,5.0
21930,5.0
21931,6.0
21932,5.0
21933,5.0
21934,6.0
21935,5.0
21936,5.0
21937,5.0
21938,5.0
21939,7.0
21940,6.0
21941,5.0
21942,5.0
21943,6.0
21944,5.0
21945,5.0
21946,6.0
21947,5.0
21948,5.0
21949,5.0
21950,5.0
21951,6.0
21952,5.0
21953,6.0
21954,5.0
21955,5.0
21956,6.0
21957,5.0
21958,5.0
21959,5.0
21960,5.0
21961,5.0
21962,5.0
21963,6.0
21964,5.0
21965,5.0
21966,5.0
21967,6.0
21968,7.0
21969,6.0
21970,6.0
21971,5.0
21972,7.0
21973,6.0
21974,5.0
21975,5.0
21976,5.0
21977,5.0
21978,6.0
21979,5.0
21980,6.0
21981,5.0
21982,7.0
21983,6.0
21984,6.0
21985,6.0
21986,6.0
21987,5.0
21988,5.0
21989,5.0
21990,6.0
21991,5.0
21992,5.0
21993,6.0
21994,6.0
21995,5.0
21996,5.0
21997,6.0
21998,5.0
21999,6.0
22000,7.0
22001,6.0
22002,5.0
22003,5.0
22004,5.0
22005,5.0
22006,5.0
22007,7.0
22008,6.0
22009,5.0
22010,5.0
22011,5.0
22012,5.0
22013,5.0
22014,5.0
22015,6.0
22016,6.0
22017,5.0
22018,5.0
22019,6.0
22020,5.0
22021,5.0
22022,6.0
22023,5.0
22024,6.0
22025,7.0
22026,6.0
22027,6.0
22028,5.0
22029,7.0
22030,5.0
22031,6.0
22032,5.0
22033,5.0
22034,5.0
22035,6.0
22036,6.0
22037,5.0
22038,6.0
22039,6.0
22040,5.0
22041,5.0
22042,5.0
22043,6.0
22044,5.0
22045,5.0
22046,5.0
22047,5.0
22048,5.0
22049,5.0
22050,5.0
22051,6.0
22052,5.0
22053,5.0
22054,5.0
22055,5.0
22056,6.0
22057,5.0
22058,6.0
22059,6.0
22060,6.0
22061,5.0
22062,6.0
22063,5.0
22064,6.0
22065,5.0
22066,7.0
22067,6.0
22068,5.0
22069,7.0
22070,5.0
22071,5.0
22072,6.0
22073,6.0
22074,6.0
22075,5.0
22076,6.0
22077,5.0
22078,5.0
22079,5.0
22080,5.0
22081,6.0
22082,5.0
22083,5.0
22084,5.0
22085,6.0
22086,6.0
22087,5.0
22088,5.0
22089,6.0
22090,6.0
22091,7.0
22092,6.0
22093,6.0
22094,5.0
22095,5.0
22096,7.0
22097,5.0
22098,6.0
22099,6.0
22100,6.0
22101,5.0
22102,5.0
22103,5.0
22104,5.0
22105,5.0
22106,5.0
22107,6.0
22108,6.0
22109,5.0
22110,6.0
22111,5.0
22112,5.0
22113,5.0
22114,6.0
22115,5.0
22116,6.0
22117,5.0
22118,6.0
22119,6.0
22120,5.0
22121,5.0
22122,6.0
22123,6.0
22124,5.0
22125,6.0
22126,6.0
22127,6.0
22128,6.0
22129,6.0
22130,6.0
22131,7.0
22132,5.0
22133,5.0
22134,6.0
22135,6.0
22136,6.0
22137,5.0
22138,5.0
22139,5.0
22140,5.0
22141,6.0
22142,5.0
22143,6.0
22144,6.0
22145,5.0
22146,6.0
22147,6.0
22148,6.0
22149,5.0
22150,7.0
22151,5.0
22152,6.0
22153,5.0
22154,5.0
22155,5.0
22156,6.0
22157,6.0
22158,6.0
22159,5.0
22160,5.0
22161,5.0
22162,6.0
22163,5.0
22164,6.0
22165,5.0
22166,6.0
22167,5.0
22168,5.0
22169,5.0
22170,5.0
22171,6.0
22172,6.0
22173,5.0
22174,6.0
22175,6.0
22176,6.0
22177,5.0
22178,5.0
22179,5.0
22180,5.0
22181,5.0
22182,5.0
22183,5.0
22184,5.0
22185,6.0
22186,5.0
22187,5.0
22188,5.0
22189,6.0
22190,5.0
22191,5.0
22192,6.0
22193,5.0
22194,5.0
22195,6.0
22196,5.0
22197,6.0
22198,5.0
22199,5.0
22200,5.0
22201,6.0
22202,5.0
22203,5.0
22204,6.0
22205,5.0
22206,5.0
22207,6.0
22208,6.0
22209,6.0
22210,5.0
22211,6.0
22212,6.0
22213,6.0
22214,6.0
22215,6.0
22216,5.0
22217,5.0
22218,5.0
22219,5.0
22220,5.0
22221,5.0
22222,5.0
22223,6.0
22224,6.0
22225,5.0
22226,6.0
22227,6.0
22228,5.0
22229,6.0
22230,6.0
22231,6.0
22232,6.0
22233,6.0
22234,5.0
22235,5.0
22236,5.0
22237,6.0
22238,5.0
22239,5.0
22240,6.0
22241,5.0
22242,5.0
22243,5.0
22244,6.0
22245,6.0
22246,5.0
22247,5.0
22248,6.0
22249,6.0
22250,5.0
22251,6.0
22252,6.0
22253,5.0
22254,6.0
22255,6.0
22256,5.0
22257,6.0
22258,6.0
22259,5.0
22260,6.0
22261,6.0
22262,5.0
22263,5.0
22264,5.0
22265,6.0
22266,5.0
22267,5.0
22268,6.0
22269,5.0
22270,6.0
22271,5.0
22272,6.0
22273,6.0
22274,5.0
22275,5.0
22276,7.0
22277,6.0
22278,5.0
22279,6.0
22280,5.0
22281,5.0
22282,5.0
22283,5.0
22284,5.0
22285,5.0
22286,6.0
22287,5.0
22288,6.0
22289,5.0
22290,6.0
22291,5.0
22292,6.0
22293,5.0
22294,6.0
22295,5.0
22296,5.0
22297,6.0
22298,5.0
22299,6.0
22300,5.0
22301,5.0
22302,6.0
22303,5.0
22304,5.0
22305,7.0
22306,5.0
22307,6.0
22308,5.0
22309,5.0
22310,6.0
22311,6.0
22312,5.0
22313,5.0
22314,5.0
22315,7.0
22316,6.0
22317,5.0
22318,5.0
22319,5.0
22320,6.0
22321,7.0
22322,6.0
22323,6.0
22324,5.0
22325,5.0
22326,5.0
22327,5.0
22328,5.0
22329,5.0
22330,5.0
22331,5.0
22332,5.0
22333,5.0
22334,6.0
22335,5.0
22336,6.0
22337,6.0
22338,5.0
22339,5.0
22340,6.0
22341,6.0
22342,5.0
22343,5.0
22344,5.0
22345,5.0
22346,6.0
22347,5.0
22348,6.0
22349,5.0
22350,6.0
22351,5.0
22352,5.0
22353,5.0
22354,5.0
22355,6.0
22356,5.0
22357,6.0
22358,6.0
22359,5.0
22360,6.0
22361,6.0
22362,5.0
22363,6.0
22364,6.0
22365,5.0
22366,5.0
22367,5.0
22368,5.0
22369,6.0
22370,5.0
22371,5.0
22372,5.0
22373,5.0
22374,6.0
22375,5.0
22376,6.0
22377,6.0
22378,7.0
22379,6.0
22380,5.0
22381,5.0
22382,6.0
22383,6.0
22384,6.0
22385,6.0
22386,5.0
22387,5.0
22388,5.0
22389,5.0
22390,6.0
22391,6.0
22392,5.0
22393,5.0
22394,5.0
22395,5.0
22396,5.0
22397,6.0
22398,6.0
22399,6.0
22400,5.0
22401,5.0
22402,5.0
22403,5.0
22404,6.0
22405,6.0
22406,5.0
22407,5.0
22408,5.0
22409,5.0
22410,6.0
22411,6.0
22412,6.0
22413,5.0
22414,6.0
22415,5.0
22416,6.0
22417,5.0
22418,5.0
22419,6.0
22420,5.0
22421,5.0
22422,6.0
22423,5.0
22424,5.0
22425,7.0
22426,5.0
22427,6.0
22428,5.0
22429,5.0
22430,5.0
22431,6.0
22432,5.0
22433,5.0
22434,6.0
22435,5.0
22436,6.0
22437,6.0
22438,5.0
22439,5.0
22440,5.0
22441,6.0
22442,5.0
22443,6.0
22444,6.0
22445,5.0
22446,6.0
22447,6.0
22448,5.0
22449,5.0
22450,5.0
22451,5.0
22452,6.0
22453,6.0
22454,6.0
22455,5.0
22456,5.0
22457,6.0
22458,5.0
22459,5.0
22460,5.0
22461,6.0
22462,6.0
22463,7.0
22464,6.0
22465,6.0
22466,6.0
22467,5.0
22468,6.0
22469,6.0
22470,5.0
22471,5.0
22472,6.0
22473,5.0
22474,5.0
22475,5.0
22476,5.0
22477,5.0
22478,6.0
22479,6.0
22480,6.0
22481,6.0
22482,6.0
22483,6.0
22484,5.0
22485,5.0
22486,6.0
22487,6.0
22488,5.0
22489,6.0
22490,5.0
22491,6.0
22492,5.0
22493,6.0
22494,7.0
22495,6.0
22496,6.0
22497,7.0
22498,6.0
22499,5.0
22500,5.0
22501,5.0
22502,6.0
22503,5.0
22504,6.0
22505,6.0
22506,5.0
22507,6.0
22508,5.0
22509,6.0
22510,6.0
22511,5.0
22512,5.0
22513,6.0
22514,6.0
22515,5.0
22516,5.0
22517,6.0
22518,5.0
22519,6.0
22520,6.0
22521,5.0
22522,5.0
22523,5.0
22524,7.0
22525,6.0
22526,5.0
22527,6.0
22528,6.0
22529,6.0
22530,5.0
22531,5.0
22532,5.0
22533,5.0
22534,6.0
22535,6.0
22536,5.0
22537,5.0
22538,5.0
22539,7.0
22540,5.0
22541,5.0
22542,6.0
22543,5.0
22544,6.0
22545,5.0
22546,6.0
22547,6.0
22548,6.0
22549,5.0
22550,5.0
22551,5.0
22552,5.0
22553,6.0
22554,6.0
22555,6.0
22556,5.0
22557,5.0
22558,5.0
22559,5.0
22560,5.0
22561,6.0
22562,6.0
22563,5.0
22564,6.0
22565,5.0
22566,5.0
22567,5.0
22568,5.0
22569,6.0
22570,5.0
22571,5.0
22572,5.0
22573,6.0
22574,5.0
22575,6.0
22576,5.0
22577,6.0
22578,6.0
22579,5.0
22580,7.0
22581,5.0
22582,5.0
22583,5.0
22584,6.0
22585,5.0
22586,6.0
22587,6.0
22588,6.0
22589,5.0
22590,6.0
22591,5.0
22592,5.0
22593,5.0
22594,5.0
22595,6.0
22596,5.0
22597,5.0
22598,6.0
22599,5.0
22600,5.0
22601,6.0
22602,6.0
22603,5.0
22604,6.0
22605,5.0
22606,6.0
22607,5.0
22608,6.0
22609,5.0
22610,5.0
22611,5.0
22612,5.0
22613,5.0
22614,6.0
22615,5.0
22616,5.0
22617,5.0
22618,5.0
22619,6.0
22620,6.0
22621,6.0
22622,5.0
22623,5.0
22624,5.0
22625,5.0
22626,5.0
22627,6.0
22628,5.0
22629,5.0
22630,5.0
22631,6.0
22632,5.0
22633,5.0
22634,5.0
22635,5.0
22636,5.0
22637,6.0
22638,6.0
22639,6.0
22640,5.0
22641,5.0
22642,5.0
22643,5.0
22644,7.0
22645,5.0
22646,5.0
22647,6.0
22648,6.0
22649,6.0
22650,6.0
22651,5.0
22652,5.0
22653,7.0
22654,6.0
22655,6.0
22656,6.0
22657,6.0
22658,6.0
22659,6.0
22660,6.0
22661,5.0
22662,6.0
22663,5.0
22664,6.0
22665,7.0
22666,5.0
22667,6.0
22668,7.0
22669,5.0
22670,5.0
22671,6.0
22672,6.0
22673,6.0
22674,7.0
22675,5.0
22676,5.0
22677,5.0
22678,5.0
22679,5.0
22680,5.0
22681,6.0
22682,5.0
22683,6.0
22684,6.0
22685,5.0
22686,5.0
22687,6.0
22688,6.0
22689,6.0
22690,5.0
22691,5.0
22692,6.0
22693,6.0
22694,5.0
22695,5.0
22696,5.0
22697,6.0
22698,7.0
22699,6.0
22700,6.0
22701,6.0
22702,5.0
22703,5.0
22704,5.0
22705,5.0
22706,5.0
22707,5.0
22708,5.0
22709,5.0
22710,5.0
22711,5.0
22712,5.0
22713,5.0
22714,5.0
22715,5.0
22716,6.0
22717,5.0
22718,5.0
22719,5.0
22720,6.0
22721,6.0
22722,5.0
22723,6.0
22724,7.0
22725,5.0
22726,5.0
22727,5.0
22728,5.0
22729,5.0
22730,5.0
22731,6.0
22732,6.0
22733,6.0
22734,5.0
22735,5.0
22736,5.0
22737,6.0
22738,5.0
22739,5.0
22740,5.0
22741,6.0
22742,5.0
22743,5.0
22744,5.0
22745,7.0
22746,5.0
22747,7.0
22748,6.0
22749,5.0
22750,5.0
22751,5.0
22752,7.0
22753,7.0
22754,5.0
22755,7.0
22756,5.0
22757,5.0
22758,6.0
22759,6.0
22760,6.0
22761,5.0
22762,5.0
22763,5.0
22764,5.0
22765,5.0
22766,6.0
22767,5.0
22768,5.0
22769,5.0
22770,5.0
22771,5.0
22772,5.0
22773,5.0
22774,5.0
22775,6.0
22776,5.0
22777,5.0
22778,6.0
22779,6.0
22780,6.0
22781,6.0
22782,6.0
22783,6.0
22784,6.0
22785,6.0
22786,5.0
22787,5.0
22788,6.0
22789,5.0
22790,5.0
22791,7.0
22792,5.0
22793,5.0
22794,5.0
22795,5.0
22796,5.0
22797,5.0
22798,6.0
22799,6.0
22800,5.0
22801,5.0
22802,6.0
22803,5.0
22804,6.0
22805,5.0
22806,5.0
22807,5.0
22808,5.0
22809,5.0
22810,6.0
22811,6.0
22812,6.0
22813,5.0
22814,6.0
22815,5.0
22816,5.0
22817,6.0
22818,7.0
22819,6.0
22820,6.0
22821,5.0
22822,6.0
22823,6.0
22824,6.0
22825,5.0
22826,6.0
22827,5.0
22828,5.0
22829,5.0
22830,5.0
22831,5.0
22832,6.0
22833,7.0
22834,5.0
22835,7.0
22836,5.0
22837,5.0
22838,6.0
22839,6.0
22840,5.0
22841,5.0
22842,5.0
22843,6.0
22844,6.0
22845,6.0
22846,5.0
22847,5.0
22848,6.0
22849,6.0
22850,6.0
22851,5.0
22852,5.0
22853,5.0
22854,5.0
22855,6.0
22856,6.0
22857,5.0
22858,7.0
22859,6.0
22860,6.0
22861,5.0
22862,5.0
22863,6.0
22864,6.0
22865,6.0
22866,6.0
22867,5.0
22868,5.0
22869,5.0
22870,6.0
22871,5.0
22872,6.0
22873,5.0
22874,6.0
22875,5.0
22876,6.0
22877,5.0
22878,5.0
22879,5.0
22880,5.0
22881,6.0
22882,5.0
22883,6.0
22884,6.0
22885,5.0
22886,5.0
22887,5.0
22888,6.0
22889,5.0
22890,6.0
22891,5.0
22892,5.0
22893,5.0
22894,5.0
22895,6.0
22896,5.0
22897,5.0
22898,6.0
22899,6.0
22900,6.0
22901,5.0
22902,5.0
22903,6.0
22904,6.0
22905,5.0
22906,6.0
22907,6.0
22908,6.0
22909,5.0
22910,5.0
22911,5.0
22912,6.0
22913,6.0
22914,5.0
22915,6.0
22916,6.0
22917,5.0
22918,5.0
22919,5.0
22920,6.0
22921,5.0
22922,5.0
22923,5.0
22924,5.0
22925,5.0
22926,6.0
22927,5.0
22928,5.0
22929,6.0
22930,5.0
22931,5.0
22932,6.0
22933,5.0
22934,5.0
22935,6.0
22936,5.0
22937,5.0
22938,7.0
22939,6.0
22940,5.0
22941,6.0
22942,5.0
22943,5.0
22944,6.0
22945,5.0
22946,6.0
22947,6.0
22948,6.0
22949,5.0
22950,6.0
22951,5.0
22952,6.0
22953,5.0
22954,5.0
22955,5.0
22956,5.0
22957,6.0
22958,6.0
22959,5.0
22960,6.0
22961,5.0
22962,5.0
22963,5.0
22964,5.0
22965,6.0
22966,5.0
22967,5.0
22968,5.0
22969,5.0
22970,6.0
22971,5.0
22972,6.0
22973,6.0
22974,6.0
22975,5.0
22976,6.0
22977,5.0
22978,5.0
22979,5.0
22980,7.0
22981,5.0
22982,5.0
22983,5.0
22984,5.0
22985,5.0
22986,6.0
22987,6.0
22988,5.0
22989,5.0
22990,5.0
22991,5.0
22992,6.0
22993,5.0
22994,5.0
22995,5.0
22996,5.0
22997,6.0
22998,5.0
22999,5.0
23000,6.0
23001,6.0
23002,5.0
23003,6.0
23004,5.0
23005,5.0
23006,5.0
23007,5.0
23008,5.0
23009,5.0
23010,5.0
23011,5.0
23012,5.0
23013,5.0
23014,5.0
23015,5.0
23016,5.0
23017,5.0
23018,6.0
23019,6.0
23020,5.0
23021,5.0
23022,5.0
23023,6.0
23024,5.0
23025,5.0
23026,6.0
23027,5.0
23028,5.0
23029,5.0
23030,6.0
23031,6.0
23032,5.0
23033,5.0
23034,5.0
23035,6.0
23036,6.0
23037,5.0
23038,6.0
23039,5.0
23040,5.0
23041,5.0
23042,5.0
23043,6.0
23044,5.0
23045,7.0
23046,5.0
23047,5.0
23048,6.0
23049,5.0
23050,6.0
23051,5.0
23052,6.0
23053,6.0
23054,5.0
23055,5.0
23056,5.0
23057,5.0
23058,5.0
23059,5.0
23060,5.0
23061,6.0
23062,5.0
23063,5.0
23064,7.0
23065,5.0
23066,6.0
23067,5.0
23068,5.0
23069,6.0
23070,6.0
23071,5.0
23072,5.0
23073,5.0
23074,5.0
23075,5.0
23076,6.0
23077,5.0
23078,5.0
23079,6.0
23080,5.0
23081,5.0
23082,5.0
23083,6.0
23084,5.0
23085,7.0
23086,6.0
23087,5.0
23088,5.0
23089,5.0
23090,5.0
23091,5.0
23092,5.0
23093,6.0
23094,7.0
23095,5.0
23096,5.0
23097,5.0
23098,5.0
23099,6.0
23100,5.0
23101,6.0
23102,5.0
23103,5.0
23104,5.0
23105,6.0
23106,5.0
23107,5.0
23108,6.0
23109,5.0
23110,5.0
23111,5.0
23112,5.0
23113,5.0
23114,5.0
23115,6.0
23116,5.0
23117,6.0
23118,5.0
23119,5.0
23120,5.0
23121,5.0
23122,6.0
23123,5.0
23124,6.0
23125,5.0
23126,6.0
23127,5.0
23128,6.0
23129,5.0
23130,6.0
23131,6.0
23132,6.0
23133,6.0
23134,5.0
23135,6.0
23136,5.0
23137,6.0
23138,5.0
23139,5.0
23140,5.0
23141,6.0
23142,6.0
23143,6.0
23144,6.0
23145,6.0
23146,5.0
23147,5.0
23148,6.0
23149,6.0
23150,6.0
23151,5.0
23152,6.0
23153,6.0
23154,5.0
23155,6.0
23156,6.0
23157,6.0
23158,5.0
23159,5.0
23160,6.0
23161,7.0
23162,6.0
23163,6.0
23164,5.0
23165,5.0
23166,5.0
23167,6.0
23168,5.0
23169,6.0
23170,6.0
23171,7.0
23172,5.0
23173,5.0
23174,5.0
23175,6.0
23176,5.0
23177,7.0
23178,6.0
23179,5.0
23180,5.0
23181,5.0
23182,5.0
23183,5.0
23184,5.0
23185,5.0
23186,5.0
23187,5.0
23188,6.0
23189,5.0
23190,6.0
23191,6.0
23192,5.0
23193,5.0
23194,5.0
23195,6.0
23196,6.0
23197,5.0
23198,6.0
23199,6.0
23200,6.0
23201,7.0
23202,6.0
23203,5.0
23204,6.0
23205,6.0
23206,5.0
23207,5.0
23208,6.0
23209,6.0
23210,5.0
23211,6.0
23212,6.0
23213,5.0
23214,6.0
23215,6.0
23216,5.0
23217,6.0
23218,5.0
23219,5.0
23220,6.0
23221,6.0
23222,5.0
23223,5.0
23224,5.0
23225,6.0
23226,5.0
23227,6.0
23228,5.0
23229,5.0
23230,5.0
23231,5.0
23232,5.0
23233,5.0
23234,5.0
23235,5.0
23236,5.0
23237,6.0
23238,5.0
23239,5.0
23240,5.0
23241,6.0
23242,5.0
23243,6.0
23244,5.0
23245,6.0
23246,6.0
23247,6.0
23248,5.0
23249,5.0
23250,6.0
23251,6.0
23252,5.0
23253,5.0
23254,7.0
23255,6.0
23256,6.0
23257,7.0
23258,5.0
23259,6.0
23260,6.0
23261,6.0
23262,6.0
23263,5.0
23264,5.0
23265,6.0
23266,7.0
23267,5.0
23268,5.0
23269,6.0
23270,5.0
23271,6.0
23272,5.0
23273,5.0
23274,6.0
23275,7.0
23276,5.0
23277,6.0
23278,6.0
23279,5.0
23280,5.0
23281,5.0
23282,5.0
23283,5.0
23284,6.0
23285,6.0
23286,5.0
23287,7.0
23288,5.0
23289,5.0
23290,6.0
23291,5.0
23292,6.0
23293,5.0
23294,5.0
23295,5.0
23296,6.0
23297,6.0
23298,5.0
23299,6.0
23300,6.0
23301,6.0
23302,6.0
23303,6.0
23304,6.0
23305,6.0
23306,7.0
23307,5.0
23308,6.0
23309,6.0
23310,5.0
23311,6.0
23312,5.0
23313,5.0
23314,6.0
23315,6.0
23316,6.0
23317,5.0
23318,6.0
23319,6.0
23320,5.0
23321,6.0
23322,5.0
23323,6.0
23324,5.0
23325,6.0
23326,6.0
23327,5.0
23328,5.0
23329,6.0
23330,5.0
23331,6.0
23332,5.0
23333,5.0
23334,6.0
23335,7.0
23336,5.0
23337,6.0
23338,5.0
23339,5.0
23340,6.0
23341,6.0
23342,5.0
23343,6.0
23344,5.0
23345,5.0
23346,6.0
23347,7.0
23348,6.0
23349,5.0
23350,5.0
23351,5.0
23352,6.0
23353,6.0
23354,6.0
23355,5.0
23356,6.0
23357,5.0
23358,6.0
23359,5.0
23360,5.0
23361,6.0
23362,5.0
23363,5.0
23364,6.0
23365,5.0
23366,5.0
23367,6.0
23368,6.0
23369,5.0
23370,5.0
23371,6.0
23372,5.0
23373,5.0
23374,6.0
23375,5.0
23376,6.0
23377,6.0
23378,6.0
23379,5.0
23380,6.0
23381,6.0
23382,5.0
23383,5.0
23384,6.0
23385,6.0
23386,6.0
23387,5.0
23388,5.0
23389,5.0
23390,6.0
23391,5.0
23392,7.0
23393,5.0
23394,5.0
23395,5.0
23396,5.0
23397,5.0
23398,7.0
23399,5.0
23400,5.0
23401,5.0
23402,5.0
23403,5.0
23404,5.0
23405,7.0
23406,6.0
23407,6.0
23408,5.0
23409,5.0
23410,5.0
23411,7.0
23412,6.0
23413,5.0
23414,5.0
23415,6.0
23416,5.0
23417,5.0
23418,5.0
23419,5.0
23420,6.0
23421,6.0
23422,5.0
23423,5.0
23424,6.0
23425,5.0
23426,5.0
23427,6.0
23428,6.0
23429,5.0
23430,5.0
23431,6.0
23432,6.0
23433,5.0
23434,5.0
23435,6.0
23436,6.0
23437,5.0
23438,5.0
23439,6.0
23440,6.0
23441,5.0
23442,5.0
23443,7.0
23444,5.0
23445,5.0
23446,5.0
23447,5.0
23448,6.0
23449,5.0
23450,5.0
23451,5.0
23452,6.0
23453,5.0
23454,6.0
23455,5.0
23456,5.0
23457,6.0
23458,6.0
23459,5.0
23460,5.0
23461,5.0
23462,5.0
23463,5.0
23464,6.0
23465,5.0
23466,5.0
23467,6.0
23468,6.0
23469,6.0
23470,6.0
23471,5.0
23472,5.0
23473,5.0
23474,6.0
23475,5.0
23476,6.0
23477,5.0
23478,5.0
23479,5.0
23480,6.0
23481,6.0
23482,5.0
23483,7.0
23484,5.0
23485,6.0
23486,6.0
23487,5.0
23488,5.0
23489,5.0
23490,5.0
23491,6.0
23492,6.0
23493,6.0
23494,5.0
23495,6.0
23496,6.0
23497,5.0
23498,7.0
23499,6.0
23500,6.0
23501,5.0
23502,5.0
23503,5.0
23504,6.0
23505,5.0
23506,6.0
23507,6.0
23508,5.0
23509,5.0
23510,6.0
23511,6.0
23512,5.0
23513,5.0
23514,7.0
23515,6.0
23516,6.0
23517,6.0
23518,6.0
23519,6.0
23520,6.0
23521,6.0
23522,5.0
23523,6.0
23524,6.0
23525,5.0
23526,6.0
23527,7.0
23528,7.0
23529,5.0
23530,5.0
23531,5.0
23532,6.0
23533,5.0
23534,6.0
23535,5.0
23536,5.0
23537,5.0
23538,5.0
23539,7.0
23540,5.0
23541,5.0
23542,6.0
23543,5.0
23544,5.0
23545,6.0
23546,6.0
23547,5.0
23548,5.0
23549,5.0
23550,5.0
23551,5.0
23552,5.0
23553,5.0
23554,5.0
23555,6.0
23556,6.0
23557,6.0
23558,6.0
23559,6.0
23560,6.0
23561,7.0
23562,6.0
23563,5.0
23564,6.0
23565,5.0
23566,6.0
23567,7.0
23568,7.0
23569,5.0
23570,6.0
23571,5.0
23572,5.0
23573,5.0
23574,5.0
23575,5.0
23576,6.0
23577,5.0
23578,7.0
23579,6.0
23580,5.0
23581,5.0
23582,5.0
23583,6.0
23584,6.0
23585,5.0
23586,5.0
23587,6.0
23588,6.0
23589,6.0
23590,6.0
23591,5.0
23592,5.0
23593,6.0
23594,5.0
23595,6.0
23596,5.0
23597,5.0
23598,7.0
23599,7.0
23600,5.0
23601,5.0
23602,5.0
23603,6.0
23604,5.0
23605,5.0
23606,6.0
23607,5.0
23608,5.0
23609,5.0
23610,6.0
23611,5.0
23612,6.0
23613,5.0
23614,6.0
23615,6.0
23616,6.0
23617,5.0
23618,6.0
23619,5.0
23620,5.0
23621,5.0
23622,5.0
23623,6.0
23624,5.0
23625,5.0
23626,6.0
23627,6.0
23628,6.0
23629,5.0
23630,6.0
23631,6.0
23632,6.0
23633,5.0
23634,6.0
23635,5.0
23636,6.0
23637,6.0
23638,5.0
23639,5.0
23640,5.0
23641,5.0
23642,5.0
23643,5.0
23644,5.0
23645,5.0
23646,5.0
23647,6.0
23648,6.0
23649,5.0
23650,5.0
23651,5.0
23652,5.0
23653,5.0
23654,6.0
23655,5.0
23656,6.0
23657,6.0
23658,6.0
23659,5.0
23660,5.0
23661,6.0
23662,6.0
23663,5.0
23664,7.0
23665,6.0
23666,5.0
23667,5.0
23668,5.0
23669,6.0
23670,5.0
23671,5.0
23672,6.0
23673,5.0
23674,7.0
23675,7.0
23676,5.0
23677,5.0
23678,5.0
23679,5.0
23680,5.0
23681,6.0
23682,6.0
23683,5.0
23684,6.0
23685,6.0
23686,5.0
23687,6.0
23688,5.0
23689,5.0
23690,5.0
23691,6.0
23692,6.0
23693,5.0
23694,6.0
23695,5.0
23696,5.0
23697,6.0
23698,5.0
23699,6.0
23700,5.0
23701,6.0
23702,6.0
23703,5.0
23704,6.0
23705,6.0
23706,7.0
23707,6.0
23708,6.0
23709,6.0
23710,6.0
23711,5.0
23712,5.0
23713,5.0
23714,6.0
23715,5.0
23716,6.0
23717,5.0
23718,5.0
23719,5.0
23720,6.0
23721,5.0
23722,5.0
23723,5.0
23724,5.0
23725,5.0
23726,5.0
23727,5.0
23728,5.0
23729,6.0
23730,5.0
23731,6.0
23732,6.0
23733,7.0
23734,6.0
23735,6.0
23736,5.0
23737,6.0
23738,5.0
23739,5.0
23740,5.0
23741,5.0
23742,7.0
23743,5.0
23744,6.0
23745,5.0
23746,5.0
23747,6.0
23748,5.0
23749,5.0
23750,6.0
23751,6.0
23752,6.0
23753,5.0
23754,5.0
23755,6.0
23756,5.0
23757,5.0
23758,6.0
23759,5.0
23760,6.0
23761,6.0
23762,5.0
23763,6.0
23764,5.0
23765,5.0
23766,5.0
23767,5.0
23768,6.0
23769,5.0
23770,6.0
23771,5.0
23772,6.0
23773,5.0
23774,5.0
23775,7.0
23776,5.0
23777,6.0
23778,6.0
23779,6.0
23780,6.0
23781,5.0
23782,5.0
23783,6.0
23784,5.0
23785,6.0
23786,6.0
23787,5.0
23788,6.0
23789,5.0
23790,5.0
23791,5.0
23792,5.0
23793,7.0
23794,5.0
23795,6.0
23796,5.0
23797,6.0
23798,6.0
23799,7.0
23800,5.0
23801,6.0
23802,5.0
23803,7.0
23804,5.0
23805,5.0
23806,5.0
23807,6.0
23808,5.0
23809,6.0
23810,5.0
23811,5.0
23812,7.0
23813,5.0
23814,5.0
23815,5.0
23816,5.0
23817,5.0
23818,5.0
23819,6.0
23820,5.0
23821,5.0
23822,5.0
23823,5.0
23824,6.0
23825,6.0
23826,5.0
23827,6.0
23828,5.0
23829,5.0
23830,5.0
23831,5.0
23832,6.0
23833,6.0
23834,6.0
23835,6.0
23836,5.0
23837,6.0
23838,6.0
23839,6.0
23840,6.0
23841,5.0
23842,5.0
23843,5.0
23844,5.0
23845,5.0
23846,7.0
23847,6.0
23848,5.0
23849,6.0
23850,5.0
23851,5.0
23852,5.0
23853,6.0
23854,5.0
23855,6.0
23856,6.0
23857,5.0
23858,6.0
23859,5.0
23860,6.0
23861,5.0
23862,6.0
23863,5.0
23864,5.0
23865,6.0
23866,5.0
23867,7.0
23868,6.0
23869,5.0
23870,6.0
23871,5.0
23872,6.0
23873,5.0
23874,6.0
23875,5.0
23876,5.0
23877,5.0
23878,6.0
23879,6.0
23880,6.0
23881,6.0
23882,5.0
23883,6.0
23884,5.0
23885,5.0
23886,5.0
23887,6.0
23888,6.0
23889,5.0
23890,6.0
23891,5.0
23892,5.0
23893,6.0
23894,6.0
23895,5.0
23896,5.0
23897,5.0
23898,6.0
23899,6.0
23900,5.0
23901,5.0
23902,5.0
23903,5.0
23904,5.0
23905,5.0
23906,5.0
23907,5.0
23908,5.0
23909,6.0
23910,6.0
23911,5.0
23912,5.0
23913,6.0
23914,5.0
23915,5.0
23916,5.0
23917,6.0
23918,5.0
23919,5.0
23920,6.0
23921,6.0
23922,6.0
23923,6.0
23924,6.0
23925,6.0
23926,6.0
23927,6.0
23928,5.0
23929,7.0
23930,5.0
23931,5.0
23932,6.0
23933,7.0
23934,5.0
23935,7.0
23936,6.0
23937,6.0
23938,6.0
23939,6.0
23940,5.0
23941,5.0
23942,6.0
23943,5.0
23944,5.0
23945,5.0
23946,5.0
23947,6.0
23948,6.0
23949,5.0
23950,5.0
23951,5.0
23952,6.0
23953,5.0
23954,7.0
23955,5.0
23956,6.0
23957,6.0
23958,6.0
23959,7.0
23960,6.0
23961,5.0
23962,5.0
23963,7.0
23964,6.0
23965,5.0
23966,7.0
23967,5.0
23968,5.0
23969,5.0
23970,5.0
23971,5.0
23972,5.0
23973,5.0
23974,5.0
23975,5.0
23976,6.0
23977,6.0
23978,6.0
23979,5.0
23980,6.0
23981,5.0
23982,6.0
23983,6.0
23984,5.0
23985,6.0
23986,6.0
23987,6.0
23988,6.0
23989,5.0
23990,6.0
23991,5.0
23992,5.0
23993,5.0
23994,7.0
23995,6.0
23996,5.0
23997,5.0
23998,6.0
23999,5.0
24000,5.0
24001,6.0
24002,5.0
24003,6.0
24004,6.0
24005,6.0
24006,5.0
24007,6.0
24008,6.0
24009,6.0
24010,6.0
24011,5.0
24012,5.0
24013,5.0
24014,6.0
24015,5.0
24016,5.0
24017,6.0
24018,5.0
24019,5.0
24020,6.0
24021,6.0
24022,5.0
24023,6.0
24024,6.0
24025,5.0
24026,5.0
24027,5.0
24028,5.0
24029,6.0
24030,7.0
24031,5.0
24032,5.0
24033,6.0
24034,5.0
24035,5.0
24036,6.0
24037,6.0
24038,5.0
24039,6.0
24040,6.0
24041,6.0
24042,6.0
24043,6.0
24044,5.0
24045,6.0
24046,6.0
24047,5.0
24048,5.0
24049,5.0
24050,5.0
24051,6.0
24052,5.0
24053,5.0
24054,5.0
24055,5.0
24056,5.0
24057,5.0
24058,5.0
24059,5.0
24060,5.0
24061,6.0
24062,5.0
24063,6.0
24064,6.0
24065,6.0
24066,6.0
24067,5.0
24068,5.0
24069,5.0
24070,5.0
24071,6.0
24072,6.0
24073,5.0
24074,6.0
24075,5.0
24076,5.0
24077,5.0
24078,6.0
24079,5.0
24080,6.0
24081,5.0
24082,6.0
24083,5.0
24084,6.0
24085,5.0
24086,5.0
24087,6.0
24088,5.0
24089,5.0
24090,5.0
24091,6.0
24092,5.0
24093,6.0
24094,6.0
24095,5.0
24096,5.0
24097,5.0
24098,6.0
24099,5.0
24100,5.0
24101,5.0
24102,6.0
24103,6.0
24104,6.0
24105,6.0
24106,5.0
24107,5.0
24108,7.0
24109,6.0
24110,6.0
24111,5.0
24112,6.0
24113,5.0
24114,6.0
24115,6.0
24116,5.0
24117,6.0
24118,6.0
24119,6.0
24120,6.0
24121,5.0
24122,5.0
24123,5.0
24124,5.0
24125,5.0
24126,6.0
24127,6.0
24128,6.0
24129,5.0
24130,6.0
24131,6.0
24132,5.0
24133,6.0
24134,6.0
24135,6.0
24136,5.0
24137,6.0
24138,7.0
24139,5.0
24140,6.0
24141,6.0
24142,5.0
24143,5.0
24144,5.0
24145,7.0
24146,6.0
24147,6.0
24148,5.0
24149,7.0
24150,5.0
24151,5.0
24152,5.0
24153,5.0
24154,5.0
24155,5.0
24156,6.0
24157,5.0
24158,5.0
24159,6.0
24160,6.0
24161,6.0
24162,5.0
24163,5.0
24164,7.0
24165,6.0
24166,5.0
24167,5.0
24168,6.0
24169,5.0
24170,5.0
24171,6.0
24172,6.0
24173,5.0
24174,6.0
24175,5.0
24176,5.0
24177,6.0
24178,6.0
24179,6.0
24180,5.0
24181,6.0
24182,5.0
24183,6.0
24184,5.0
24185,6.0
24186,6.0
24187,6.0
24188,5.0
24189,5.0
24190,5.0
24191,5.0
24192,5.0
24193,5.0
24194,6.0
24195,6.0
24196,5.0
24197,5.0
24198,5.0
24199,6.0
24200,5.0
24201,7.0
24202,5.0
24203,5.0
24204,5.0
24205,5.0
24206,5.0
24207,6.0
24208,5.0
24209,7.0
24210,6.0
24211,5.0
24212,6.0
24213,5.0
24214,5.0
24215,5.0
24216,5.0
24217,5.0
24218,5.0
24219,6.0
24220,5.0
24221,6.0
24222,6.0
24223,5.0
24224,6.0
24225,7.0
24226,5.0
24227,5.0
24228,5.0
24229,6.0
24230,5.0
24231,7.0
24232,6.0
24233,5.0
24234,5.0
24235,6.0
24236,6.0
24237,6.0
24238,5.0
24239,6.0
24240,5.0
24241,6.0
24242,5.0
24243,6.0
24244,5.0
24245,6.0
24246,6.0
24247,6.0
24248,5.0
24249,6.0
24250,5.0
24251,5.0
24252,6.0
24253,5.0
24254,5.0
24255,6.0
24256,5.0
24257,6.0
24258,5.0
24259,7.0
24260,5.0
24261,5.0
24262,6.0
24263,5.0
24264,5.0
24265,5.0
24266,5.0
24267,6.0
24268,6.0
24269,5.0
24270,6.0
24271,6.0
24272,5.0
24273,5.0
24274,5.0
24275,5.0
24276,6.0
24277,5.0
24278,5.0
24279,6.0
24280,7.0
24281,6.0
24282,5.0
24283,6.0
24284,5.0
24285,6.0
24286,5.0
24287,7.0
24288,6.0
24289,5.0
24290,5.0
24291,5.0
24292,6.0
24293,5.0
24294,5.0
24295,6.0
24296,5.0
24297,5.0
24298,6.0
24299,5.0
24300,6.0
24301,5.0
24302,6.0
24303,5.0
24304,6.0
24305,5.0
24306,5.0
24307,5.0
24308,5.0
24309,5.0
24310,5.0
24311,5.0
24312,5.0
24313,5.0
24314,5.0
24315,5.0
24316,7.0
24317,7.0
24318,5.0
24319,5.0
24320,5.0
24321,5.0
24322,5.0
24323,6.0
24324,6.0
24325,6.0
24326,5.0
24327,6.0
24328,5.0
24329,5.0
24330,6.0
24331,5.0
24332,5.0
24333,6.0
24334,5.0
24335,5.0
24336,6.0
24337,6.0
24338,5.0
24339,6.0
24340,5.0
24341,6.0
24342,6.0
24343,6.0
24344,6.0
24345,5.0
24346,6.0
24347,6.0
24348,5.0
24349,5.0
24350,7.0
24351,5.0
24352,5.0
24353,6.0
24354,5.0
24355,5.0
24356,6.0
24357,6.0
24358,6.0
24359,5.0
24360,7.0
24361,5.0
24362,6.0
24363,6.0
24364,6.0
24365,5.0
24366,5.0
24367,6.0
24368,5.0
24369,5.0
24370,5.0
24371,6.0
24372,6.0
24373,5.0
24374,5.0
24375,6.0
24376,5.0
24377,6.0
24378,5.0
24379,6.0
24380,5.0
24381,5.0
24382,6.0
24383,6.0
24384,6.0
24385,5.0
24386,6.0
24387,5.0
24388,5.0
24389,6.0
24390,5.0
24391,6.0
24392,5.0
24393,5.0
24394,5.0
24395,5.0
24396,5.0
24397,7.0
24398,5.0
24399,7.0
24400,6.0
24401,5.0
24402,6.0
24403,6.0
24404,5.0
24405,5.0
24406,5.0
24407,5.0
24408,5.0
24409,5.0
24410,5.0
24411,5.0
24412,5.0
24413,5.0
24414,5.0
24415,6.0
24416,5.0
24417,5.0
24418,6.0
24419,5.0
24420,6.0
24421,5.0
24422,5.0
24423,5.0
24424,5.0
24425,5.0
24426,5.0
24427,5.0
24428,5.0
24429,6.0
24430,6.0
24431,5.0
24432,5.0
24433,5.0
24434,6.0
24435,6.0
24436,5.0
24437,5.0
24438,6.0
24439,6.0
24440,5.0
24441,6.0
24442,6.0
24443,5.0
24444,6.0
24445,5.0
24446,6.0
24447,5.0
24448,7.0
24449,6.0
24450,7.0
24451,5.0
24452,5.0
24453,5.0
24454,5.0
24455,5.0
24456,5.0
24457,5.0
24458,6.0
24459,5.0
24460,5.0
24461,5.0
24462,5.0
24463,6.0
24464,6.0
24465,6.0
24466,5.0
24467,5.0
24468,5.0
24469,5.0
24470,6.0
24471,5.0
24472,6.0
24473,5.0
24474,5.0
24475,5.0
24476,6.0
24477,6.0
24478,5.0
24479,5.0
24480,5.0
24481,6.0
24482,5.0
24483,5.0
24484,6.0
24485,6.0
24486,5.0
24487,5.0
24488,5.0
24489,5.0
24490,6.0
24491,6.0
24492,5.0
24493,6.0
24494,5.0
24495,6.0
24496,6.0
24497,6.0
24498,6.0
24499,5.0
24500,5.0
24501,5.0
24502,5.0
24503,5.0
24504,5.0
24505,6.0
24506,6.0
24507,6.0
24508,5.0
24509,6.0
24510,5.0
24511,6.0
24512,5.0
24513,5.0
24514,6.0
24515,5.0
24516,6.0
24517,5.0
24518,5.0
24519,7.0
24520,5.0
24521,5.0
24522,5.0
24523,5.0
24524,6.0
24525,5.0
24526,5.0
24527,6.0
24528,6.0
24529,5.0
24530,6.0
24531,5.0
24532,5.0
24533,6.0
24534,5.0
24535,6.0
24536,5.0
24537,5.0
24538,6.0
24539,5.0
24540,5.0
24541,5.0
24542,6.0
24543,5.0
24544,5.0
24545,7.0
24546,6.0
24547,6.0
24548,6.0
24549,5.0
24550,6.0
24551,5.0
24552,5.0
24553,5.0
24554,5.0
24555,5.0
24556,5.0
24557,5.0
24558,5.0
24559,5.0
24560,5.0
24561,5.0
24562,5.0
24563,7.0
24564,6.0
24565,5.0
24566,6.0
24567,5.0
24568,6.0
24569,6.0
24570,6.0
24571,6.0
24572,5.0
24573,6.0
24574,6.0
24575,5.0
24576,6.0
24577,5.0
24578,7.0
24579,5.0
24580,6.0
24581,5.0
24582,6.0
24583,5.0
24584,5.0
24585,5.0
24586,7.0
24587,5.0
24588,6.0
24589,6.0
24590,7.0
24591,5.0
24592,6.0
24593,5.0
24594,5.0
24595,5.0
24596,6.0
24597,6.0
24598,6.0
24599,6.0
24600,5.0
24601,5.0
24602,5.0
24603,6.0
24604,5.0
24605,5.0
24606,5.0
24607,5.0
24608,6.0
24609,5.0
24610,6.0
24611,5.0
24612,5.0
24613,7.0
24614,6.0
24615,6.0
24616,5.0
24617,7.0
24618,7.0
24619,5.0
24620,5.0
24621,5.0
24622,5.0
24623,6.0
24624,5.0
24625,6.0
24626,5.0
24627,6.0
24628,5.0
24629,5.0
24630,6.0
24631,6.0
24632,5.0
24633,6.0
24634,5.0
24635,7.0
24636,6.0
24637,6.0
24638,6.0
24639,6.0
24640,6.0
24641,7.0
24642,6.0
24643,5.0
24644,5.0
24645,5.0
24646,6.0
24647,5.0
24648,6.0
24649,7.0
24650,6.0
24651,5.0
24652,5.0
24653,5.0
24654,5.0
24655,5.0
24656,6.0
24657,6.0
24658,6.0
24659,5.0
24660,5.0
24661,6.0
24662,6.0
24663,5.0
24664,6.0
24665,7.0
24666,5.0
24667,6.0
24668,5.0
24669,5.0
24670,5.0
24671,5.0
24672,6.0
24673,5.0
24674,5.0
24675,5.0
24676,6.0
24677,6.0
24678,5.0
24679,5.0
24680,5.0
24681,6.0
24682,5.0
24683,5.0
24684,5.0
24685,5.0
24686,5.0
24687,5.0
24688,5.0
24689,6.0
24690,5.0
24691,5.0
24692,6.0
24693,5.0
24694,5.0
24695,5.0
24696,5.0
24697,6.0
24698,5.0
24699,5.0
24700,5.0
24701,5.0
24702,5.0
24703,6.0
24704,5.0
24705,6.0
24706,6.0
24707,6.0
24708,5.0
24709,6.0
24710,5.0
24711,6.0
24712,5.0
24713,5.0
24714,5.0
24715,5.0
24716,6.0
24717,5.0
24718,5.0
24719,5.0
24720,6.0
24721,5.0
24722,5.0
24723,5.0
24724,6.0
24725,6.0
24726,5.0
24727,5.0
24728,5.0
24729,6.0
24730,6.0
24731,5.0
24732,6.0
24733,6.0
24734,5.0
24735,5.0
24736,7.0
24737,6.0
24738,5.0
24739,5.0
24740,7.0
24741,5.0
24742,6.0
24743,5.0
24744,6.0
24745,6.0
24746,6.0
24747,6.0
24748,6.0
24749,6.0
24750,6.0
24751,5.0
24752,5.0
24753,7.0
24754,5.0
24755,6.0
24756,5.0
24757,5.0
24758,6.0
24759,5.0
24760,6.0
24761,5.0
24762,5.0
24763,5.0
24764,7.0
24765,6.0
24766,5.0
24767,6.0
24768,5.0
24769,7.0
24770,6.0
24771,5.0
24772,6.0
24773,5.0
24774,6.0
24775,6.0
24776,6.0
24777,5.0
24778,5.0
24779,5.0
24780,5.0
24781,6.0
24782,5.0
24783,6.0
24784,5.0
24785,6.0
24786,6.0
24787,5.0
24788,5.0
24789,5.0
24790,5.0
24791,6.0
24792,5.0
24793,5.0
24794,6.0
24795,6.0
24796,5.0
24797,6.0
24798,6.0
24799,5.0
24800,6.0
24801,7.0
24802,5.0
24803,7.0
24804,6.0
24805,5.0
24806,5.0
24807,6.0
24808,6.0
24809,5.0
24810,6.0
24811,5.0
24812,7.0
24813,5.0
24814,5.0
24815,6.0
24816,5.0
24817,5.0
24818,5.0
24819,6.0
24820,6.0
24821,5.0
24822,5.0
24823,6.0
24824,6.0
24825,5.0
24826,5.0
24827,5.0
24828,7.0
24829,5.0
24830,6.0
24831,5.0
24832,6.0
24833,5.0
24834,6.0
24835,6.0
24836,6.0
24837,5.0
24838,6.0
24839,7.0
24840,5.0
24841,6.0
24842,6.0
24843,6.0
24844,5.0
24845,5.0
24846,7.0
24847,5.0
24848,6.0
24849,5.0
24850,5.0
24851,5.0
24852,5.0
24853,6.0
24854,6.0
24855,5.0
24856,5.0
24857,6.0
24858,5.0
24859,5.0
24860,5.0
24861,5.0
24862,6.0
24863,5.0
24864,5.0
24865,5.0
24866,5.0
24867,6.0
24868,5.0
24869,6.0
24870,5.0
24871,6.0
24872,5.0
24873,6.0
24874,5.0
24875,5.0
24876,6.0
24877,6.0
24878,6.0
24879,5.0
24880,5.0
24881,6.0
24882,5.0
24883,5.0
24884,7.0
24885,5.0
24886,6.0
24887,5.0
24888,6.0
24889,6.0
24890,6.0
24891,5.0
24892,5.0
24893,5.0
24894,6.0
24895,6.0
24896,5.0
24897,5.0
24898,6.0
24899,5.0
24900,5.0
24901,5.0
24902,5.0
24903,6.0
24904,5.0
24905,5.0
24906,5.0
24907,5.0
24908,5.0
24909,6.0
24910,5.0
24911,6.0
24912,5.0
24913,5.0
24914,5.0
24915,6.0
24916,6.0
24917,7.0
24918,6.0
24919,5.0
24920,5.0
24921,5.0
24922,5.0
24923,6.0
24924,6.0
24925,6.0
24926,6.0
24927,5.0
24928,5.0
24929,5.0
24930,6.0
24931,6.0
24932,5.0
24933,6.0
24934,6.0
24935,5.0
24936,7.0
24937,5.0
24938,5.0
24939,6.0
24940,5.0
24941,5.0
24942,5.0
24943,5.0
24944,6.0
24945,6.0
24946,6.0
24947,6.0
24948,5.0
24949,6.0
24950,5.0
24951,5.0
24952,6.0
24953,5.0
24954,5.0
24955,6.0
24956,5.0
24957,6.0
24958,5.0
24959,5.0
24960,6.0
24961,5.0
24962,5.0
24963,6.0
24964,5.0
24965,6.0
24966,5.0
24967,6.0
24968,5.0
24969,5.0
24970,5.0
24971,5.0
24972,6.0
24973,5.0
24974,5.0
24975,5.0
24976,5.0
24977,7.0
24978,6.0
24979,5.0
24980,7.0
24981,5.0
24982,5.0
24983,5.0
24984,5.0
24985,5.0
24986,6.0
24987,6.0
24988,6.0
24989,5.0
24990,5.0
24991,5.0
24992,5.0
24993,5.0
24994,5.0
24995,5.0
24996,5.0
24997,5.0
24998,5.0
24999,7.0
